{"type":"FeatureCollection","features":[{"type":"Feature","geometry":{"type":"MultiPolygon","coordinates":[[[[127.05675,37.46842],[127.05621,37.46839],[127.05453,37.46853],[127.05416,37.46863],[127.05381,37.46873],[127.05007,37.4701],[127.04958,37.47049],[127.05039,37.47104],[127.05106,37.47149],[127.05071,37.47182],[127.04915,37.47332],[127.04503,37.47729],[127.04469,37.47797],[127.04457,37.47819],[127.04394,37.47971],[127.04154,37.48509],[127.04135,37.48557],[127.03397,37.4848],[127.03378,37.4851],[127.03162,37.48954],[127.02764,37.49796],[127.02649,37.50037],[127.0245,37.50452],[127.02447,37.50457],[127.02137,37.51103],[127.02035,37.51081],[127.02131,37.51117],[127.01986,37.51504],[127.01944,37.51599],[127.01948,37.51634],[127.01903,37.51824],[127.01892,37.51857],[127.01828,37.52052],[127.01798,37.5213],[127.01761,37.52209],[127.0172,37.5227],[127.01707,37.52289],[127.01661,37.52338],[127.0146,37.52551],[127.01187,37.52784],[127.01261,37.52831],[127.01546,37.5307],[127.01637,37.53147],[127.01704,37.53203],[127.01822,37.53302],[127.01951,37.53411],[127.02006,37.53456],[127.02018,37.53464],[127.02092,37.53512],[127.02156,37.53553],[127.0359,37.53584],[127.04031,37.5359],[127.04667,37.534],[127.04906,37.53255],[127.05657,37.5291],[127.06025,37.52752],[127.06526,37.5256],[127.06696,37.52508],[127.0665,37.52093],[127.06716,37.51998],[127.06838,37.51231],[127.06844,37.51143],[127.06846,37.51028],[127.0688,37.51],[127.06943,37.50645],[127.06971,37.50539],[127.06981,37.50504],[127.06999,37.50481],[127.07002,37.50478],[127.07121,37.50352],[127.07249,37.50262],[127.07266,37.5025],[127.07291,37.50232],[127.07318,37.50213],[127.07549,37.5012],[127.08363,37.49926],[127.09047,37.49747],[127.09674,37.49583],[127.10197,37.49364],[127.10212,37.49358],[127.10222,37.49353],[127.10365,37.49273],[127.10437,37.4923],[127.1048,37.49204],[127.10568,37.49141],[127.10814,37.48931],[127.11019,37.48688],[127.11156,37.48456],[127.11228,37.48354],[127.11218,37.48344],[127.11198,37.48332],[127.11174,37.48318],[127.11139,37.48305],[127.1111,37.48294],[127.11104,37.48294],[127.11109,37.48289],[127.1117,37.48244],[127.11459,37.47852],[127.1188,37.4728],[127.11961,37.47168],[127.12054,37.47038],[127.12151,37.46882],[127.12218,37.46752],[127.1223,37.46676],[127.12242,37.46586],[127.1224,37.4656],[127.12236,37.46545],[127.12229,37.46521],[127.12185,37.46503],[127.11746,37.46217],[127.11718,37.46182],[127.11708,37.46154],[127.11699,37.46126],[127.11695,37.46101],[127.11693,37.46079],[127.1169,37.4605],[127.11678,37.45914],[127.11675,37.45859],[127.1156,37.4586],[127.11364,37.45974],[127.11325,37.46004],[127.11288,37.46048],[127.11301,37.46058],[127.11322,37.46072],[127.1133,37.46078],[127.11337,37.46083],[127.1134,37.46107],[127.11202,37.46156],[127.11128,37.46171],[127.10826,37.46217],[127.10664,37.46248],[127.10631,37.46254],[127.10473,37.46215],[127.10448,37.46102],[127.10396,37.46011],[127.1035,37.45963],[127.10056,37.45905],[127.09821,37.45879],[127.09685,37.45961],[127.09632,37.46143],[127.09626,37.46164],[127.09609,37.46223],[127.096,37.4625],[127.09502,37.46366],[127.09404,37.46399],[127.09336,37.4644],[127.08876,37.46807],[127.08621,37.47036],[127.0852,37.47156],[127.0849,37.47211],[127.08449,37.47287],[127.08507,37.47494],[127.08516,37.47527],[127.08405,37.47544],[127.08387,37.47545],[127.083,37.47539],[127.08219,37.47533],[127.08163,37.47526],[127.08102,37.47517],[127.08035,37.47489],[127.07925,37.47483],[127.07904,37.47483],[127.07834,37.47486],[127.07716,37.47501],[127.07615,37.47399],[127.07594,37.4738],[127.07391,37.47286],[127.07265,37.4748],[127.07081,37.47483],[127.06976,37.47478],[127.06924,37.47389],[127.06253,37.47284],[127.06228,37.47023],[127.06216,37.46965],[127.06161,37.46896],[127.05675,37.46842]]]]},"properties":{"name":"강남구","sgg":"11680","risk":26,"slope_mean":2.1,"slope_max":15.7,"exceed_ratio":0.085,"points":6158,"worst_lat":37.47888,"worst_lon":127.08674,"width_n":2178,"width_mean":4.1,"narrow_ratio":0.057,"surface_n":2337,"surface_top":"블록","slippery_ratio":0.754,"lat":37.48671,"lon":127.07507}},{"type":"Feature","geometry":{"type":"MultiPolygon","coordinates":[[[[127.14473,37.51942],[127.14484,37.51803],[127.14488,37.51777],[127.14491,37.51756],[127.14501,37.51693],[127.14461,37.51696],[127.14321,37.51744],[127.14083,37.51851],[127.13942,37.51914],[127.13391,37.52154],[127.12874,37.52379],[127.11916,37.52807],[127.12072,37.53132],[127.12126,37.53311],[127.12243,37.53626],[127.12321,37.53853],[127.12161,37.53916],[127.12148,37.53923],[127.12142,37.53927],[127.12046,37.53981],[127.11979,37.54027],[127.1196,37.54041],[127.11952,37.54046],[127.11908,37.54071],[127.1186,37.54089],[127.1185,37.54093],[127.11843,37.54095],[127.11839,37.54096],[127.11712,37.54134],[127.10956,37.54347],[127.11089,37.54547],[127.11157,37.54651],[127.11207,37.54755],[127.11222,37.54834],[127.11244,37.54951],[127.11307,37.55133],[127.11334,37.552],[127.11336,37.55203],[127.11389,37.55333],[127.11389,37.55512],[127.11389,37.55666],[127.1139,37.5586],[127.11377,37.55889],[127.11348,37.56025],[127.11393,37.56016],[127.11441,37.56007],[127.11499,37.55995],[127.11548,37.55985],[127.11651,37.56],[127.11668,37.56002],[127.11682,37.56017],[127.11758,37.56097],[127.11936,37.56266],[127.12077,37.56351],[127.12175,37.56399],[127.12228,37.56425],[127.12236,37.56428],[127.13138,37.56745],[127.13146,37.56749],[127.13174,37.56759],[127.13183,37.56763],[127.13207,37.56772],[127.13228,37.56781],[127.13277,37.56801],[127.13298,37.56809],[127.13322,37.56819],[127.13382,37.56845],[127.14541,37.56827],[127.14924,37.56849],[127.15291,37.57067],[127.16228,37.57642],[127.16662,37.57892],[127.16857,37.57895],[127.17192,37.57942],[127.17395,37.57958],[127.17501,37.58005],[127.17694,37.58071],[127.17767,37.58083],[127.17738,37.58022],[127.17697,37.57946],[127.17551,37.57838],[127.17546,37.57802],[127.1754,37.57761],[127.17536,37.57729],[127.17582,37.57485],[127.17592,37.57461],[127.17606,37.57428],[127.17614,37.57413],[127.17782,37.57147],[127.17911,37.56915],[127.17923,37.56882],[127.17924,37.56876],[127.17926,37.56869],[127.1794,37.56787],[127.17942,37.56774],[127.17945,37.56756],[127.17948,37.56654],[127.17957,37.56571],[127.17957,37.56567],[127.1796,37.56556],[127.17965,37.56541],[127.17976,37.56505],[127.18112,37.56244],[127.18156,37.56175],[127.18182,37.56133],[127.18197,37.56094],[127.18199,37.56062],[127.18202,37.56022],[127.18199,37.55959],[127.18199,37.55945],[127.18198,37.55941],[127.18193,37.55915],[127.18188,37.55886],[127.18185,37.55873],[127.18183,37.55865],[127.18171,37.55817],[127.18165,37.55789],[127.18158,37.55762],[127.18137,37.55315],[127.18138,37.55302],[127.18139,37.55285],[127.18283,37.54656],[127.18337,37.54602],[127.18355,37.54583],[127.18091,37.54588],[127.18061,37.5461],[127.18013,37.54644],[127.17977,37.54651],[127.17925,37.5466],[127.17905,37.54664],[127.17884,37.54658],[127.17763,37.54621],[127.17689,37.54586],[127.17559,37.54521],[127.17465,37.54522],[127.17439,37.54522],[127.17425,37.54532],[127.17413,37.54541],[127.17397,37.54553],[127.1686,37.54519],[127.16411,37.54486],[127.16319,37.54502],[127.1604,37.5416],[127.15966,37.541],[127.15868,37.54015],[127.15756,37.53903],[127.15699,37.53837],[127.157,37.53817],[127.15701,37.53805],[127.15699,37.53794],[127.15687,37.53776],[127.15673,37.53758],[127.15456,37.53493],[127.15441,37.53476],[127.15385,37.53417],[127.15355,37.534],[127.15357,37.53102],[127.15351,37.53033],[127.15326,37.52933],[127.15311,37.52909],[127.15266,37.52856],[127.15243,37.52833],[127.15222,37.52814],[127.15194,37.52791],[127.15082,37.52697],[127.1498,37.5261],[127.14966,37.52596],[127.14958,37.52588],[127.14943,37.52563],[127.14906,37.5246],[127.14897,37.52436],[127.14895,37.52431],[127.14898,37.52419],[127.14854,37.52325],[127.14852,37.5232],[127.14844,37.52303],[127.14776,37.52217],[127.14742,37.52207],[127.14653,37.52202],[127.14635,37.52201],[127.1458,37.52199],[127.14564,37.52162],[127.14524,37.52066],[127.14508,37.52026],[127.14473,37.51942]]]]},"properties":{"name":"강동구","sgg":"11740","risk":18,"slope_mean":1.6,"slope_max":11.9,"exceed_ratio":0.035,"points":6333,"worst_lat":37.52755,"worst_lon":127.1502,"width_n":1933,"width_mean":4.6,"narrow_ratio":0.004,"surface_n":2924,"surface_top":"블록","slippery_ratio":0.696,"lat":37.54885,"lon":127.15154}},{"type":"Feature","geometry":{"type":"MultiPolygon","coordinates":[[[[127.02067,37.6125],[127.02061,37.61252],[127.02048,37.61255],[127.02038,37.61262],[127.01979,37.61326],[127.01926,37.61375],[127.01764,37.61457],[127.01631,37.61496],[127.01525,37.61481],[127.01494,37.61542],[127.01475,37.61559],[127.01147,37.61642],[127.00944,37.61817],[127.00856,37.61856],[127.00849,37.61857],[127.00805,37.61937],[127.00751,37.62102],[127.00737,37.62244],[127.00741,37.62247],[127.00744,37.62251],[127.00748,37.62256],[127.00754,37.62265],[127.00765,37.6229],[127.00782,37.62332],[127.00788,37.62391],[127.00757,37.62403],[127.00644,37.62434],[127.0045,37.62444],[127.0029,37.62537],[127.00236,37.6256],[127.00174,37.62571],[126.99894,37.62688],[126.99455,37.62983],[126.99433,37.62983],[126.99416,37.6299],[126.9941,37.62992],[126.99404,37.62999],[126.99334,37.63152],[126.99325,37.63183],[126.99319,37.63203],[126.99182,37.63231],[126.98606,37.6352],[126.9856,37.63544],[126.98522,37.63586],[126.98495,37.63617],[126.98463,37.63656],[126.98637,37.64065],[126.98589,37.64057],[126.98426,37.64177],[126.98411,37.64191],[126.98404,37.64199],[126.98398,37.64206],[126.98392,37.64213],[126.98388,37.64217],[126.98327,37.6436],[126.98325,37.64365],[126.98324,37.6437],[126.98332,37.6438],[126.98345,37.64394],[126.98362,37.64404],[126.98376,37.64412],[126.9842,37.64447],[126.98478,37.64551],[126.98494,37.64582],[126.98496,37.6459],[126.98496,37.64599],[126.98464,37.64746],[126.98462,37.64755],[126.9837,37.64978],[126.98363,37.64991],[126.98351,37.65003],[126.98224,37.6513],[126.9821,37.65143],[126.98099,37.6529],[126.9797,37.65479],[126.97964,37.65488],[126.97945,37.65574],[126.97945,37.65583],[126.97955,37.65603],[126.97957,37.65608],[126.97965,37.65622],[126.97978,37.65642],[126.97995,37.65658],[126.98129,37.65742],[126.98142,37.65749],[126.98169,37.65753],[126.98307,37.65811],[126.98464,37.65906],[126.98485,37.6592],[126.985,37.6593],[126.98618,37.66066],[126.98641,37.66098],[126.98664,37.66141],[126.98802,37.66334],[126.98937,37.6638],[126.98984,37.6639],[126.99243,37.66483],[126.99284,37.66502],[126.99416,37.66628],[126.99426,37.66648],[126.99355,37.67324],[126.99299,37.67742],[126.99296,37.67761],[126.99276,37.67841],[126.99257,37.67878],[126.99174,37.67947],[126.99307,37.67989],[126.9938,37.68025],[126.99385,37.68028],[126.99581,37.68193],[126.99714,37.68306],[126.99735,37.68328],[126.99754,37.68346],[126.99766,37.68358],[126.99774,37.68365],[126.99791,37.68379],[126.99799,37.68382],[127.00364,37.6851],[127.00386,37.68514],[127.00419,37.68517],[127.00565,37.68523],[127.00575,37.68523],[127.00586,37.68522],[127.00615,37.68515],[127.00636,37.6851],[127.00657,37.68505],[127.00666,37.68503],[127.00829,37.68468],[127.00841,37.6813],[127.01036,37.67954],[127.01045,37.67954],[127.01049,37.67954],[127.01056,37.67953],[127.01074,37.67951],[127.01195,37.67931],[127.01198,37.67929],[127.01202,37.67925],[127.01277,37.67807],[127.01322,37.67724],[127.01342,37.67645],[127.01387,37.67537],[127.01412,37.67502],[127.01458,37.6744],[127.01482,37.67424],[127.01574,37.67345],[127.01663,37.67267],[127.01732,37.67183],[127.01739,37.67174],[127.01844,37.67008],[127.01852,37.66996],[127.01847,37.66964],[127.01844,37.6694],[127.01816,37.66878],[127.01763,37.66828],[127.01693,37.6679],[127.01655,37.66755],[127.01583,37.66686],[127.01566,37.6667],[127.01552,37.66634],[127.01545,37.66616],[127.01541,37.66584],[127.01544,37.66376],[127.01545,37.66348],[127.01634,37.66158],[127.01585,37.66144],[127.01516,37.66159],[127.01463,37.66089],[127.01428,37.65989],[127.01379,37.65848],[127.01266,37.65331],[127.01256,37.65275],[127.01255,37.65246],[127.01256,37.65222],[127.01264,37.65185],[127.01269,37.65163],[127.0129,37.65118],[127.01291,37.65115],[127.01324,37.65044],[127.0152,37.64931],[127.01529,37.64926],[127.01538,37.64921],[127.01562,37.6491],[127.01634,37.6489],[127.017,37.64873],[127.01745,37.64865],[127.01763,37.64863],[127.01779,37.64862],[127.01796,37.64861],[127.0182,37.64861],[127.01858,37.64867],[127.01879,37.64871],[127.01887,37.64872],[127.01893,37.64874],[127.01918,37.6488],[127.01971,37.64894],[127.01996,37.64901],[127.02023,37.64907],[127.02049,37.64908],[127.02056,37.64908],[127.02077,37.64906],[127.02084,37.64905],[127.02114,37.64902],[127.02131,37.64896],[127.02462,37.6474],[127.02478,37.64724],[127.02515,37.6466],[127.0255,37.64608],[127.02564,37.64589],[127.02566,37.64586],[127.02592,37.64572],[127.02609,37.64564],[127.02616,37.6456],[127.0266,37.64538],[127.02664,37.64536],[127.02708,37.64518],[127.02727,37.64512],[127.02791,37.64475],[127.02972,37.64364],[127.02977,37.64361],[127.02993,37.6435],[127.03013,37.64337],[127.03061,37.64305],[127.03083,37.64286],[127.03125,37.64262],[127.0317,37.64235],[127.03179,37.64229],[127.03229,37.64194],[127.03267,37.64163],[127.03291,37.64132],[127.03294,37.64129],[127.03301,37.64116],[127.03315,37.64094],[127.0333,37.64063],[127.03355,37.6401],[127.03358,37.64003],[127.0336,37.63999],[127.03384,37.63939],[127.03389,37.63928],[127.03397,37.63908],[127.03402,37.63895],[127.03424,37.63845],[127.03427,37.63839],[127.0343,37.6383],[127.03436,37.63818],[127.0345,37.63785],[127.03463,37.63768],[127.03469,37.6376],[127.03496,37.63738],[127.0355,37.63714],[127.03553,37.63712],[127.0357,37.63708],[127.03588,37.63704],[127.03609,37.63699],[127.03644,37.63689],[127.03848,37.63391],[127.04148,37.63128],[127.04197,37.63099],[127.04216,37.63088],[127.04289,37.63044],[127.04616,37.62809],[127.04824,37.62647],[127.04999,37.62443],[127.04792,37.62322],[127.04473,37.61955],[127.04468,37.61949],[127.04455,37.61934],[127.04396,37.61868],[127.04391,37.61864],[127.04304,37.618],[127.04231,37.61747],[127.04019,37.61595],[127.03912,37.61631],[127.0371,37.61271],[127.03041,37.60914],[127.02998,37.61234],[127.02722,37.61256],[127.02223,37.61127],[127.02203,37.61229],[127.02067,37.6125]]]]},"properties":{"name":"강북구","sgg":"11305","risk":58,"slope_mean":3.9,"slope_max":17.4,"exceed_ratio":0.34,"points":1689,"worst_lat":37.65599,"worst_lon":126.99069,"width_n":438,"width_mean":4.6,"narrow_ratio":0.0,"surface_n":472,"surface_top":"블록","slippery_ratio":0.818,"lat":37.64814,"lon":127.01108}},{"type":"Feature","geometry":{"type":"MultiPolygon","coordinates":[[[[126.84049,37.52654],[126.83473,37.53603],[126.83517,37.53691],[126.83378,37.53987],[126.83349,37.5408],[126.83333,37.54129],[126.83328,37.54143],[126.83314,37.54184],[126.83143,37.54178],[126.83069,37.54176],[126.83045,37.54175],[126.83008,37.54172],[126.83005,37.54243],[126.83022,37.54268],[126.82974,37.54407],[126.83035,37.54577],[126.82974,37.54767],[126.8276,37.54768],[126.82755,37.54706],[126.82713,37.54639],[126.8268,37.54578],[126.82593,37.5447],[126.82573,37.54394],[126.826,37.54322],[126.82613,37.54281],[126.82525,37.54215],[126.82541,37.54165],[126.82443,37.54138],[126.82215,37.54068],[126.81942,37.54078],[126.81662,37.54057],[126.81466,37.54064],[126.81236,37.54071],[126.81038,37.54161],[126.80732,37.54362],[126.80543,37.54339],[126.80285,37.54308],[126.80161,37.54246],[126.80039,37.5417],[126.80083,37.54088],[126.79898,37.54027],[126.79875,37.53945],[126.79924,37.53929],[126.79949,37.53786],[126.79907,37.53751],[126.79838,37.53763],[126.79788,37.53703],[126.79607,37.53673],[126.7944,37.53583],[126.794,37.53686],[126.79419,37.53824],[126.79332,37.53973],[126.7943,37.5401],[126.79475,37.54152],[126.79204,37.54181],[126.79175,37.54375],[126.78738,37.54586],[126.78465,37.54629],[126.78186,37.54614],[126.7812,37.54614],[126.78033,37.54616],[126.7799,37.54625],[126.77759,37.54658],[126.77681,37.54822],[126.77535,37.54907],[126.77262,37.5487],[126.77174,37.54831],[126.77007,37.55098],[126.76832,37.55157],[126.76755,37.55196],[126.76777,37.55325],[126.7662,37.55413],[126.76634,37.55493],[126.76469,37.55537],[126.7666,37.55667],[126.77031,37.55719],[126.77208,37.557],[126.77311,37.5575],[126.77201,37.5588],[126.77563,37.5618],[126.77792,37.56011],[126.777,37.56398],[126.77501,37.56601],[126.7748,37.56753],[126.77563,37.56816],[126.77696,37.56634],[126.78053,37.56833],[126.7825,37.57023],[126.78197,37.57169],[126.7819,37.57185],[126.78257,37.57335],[126.78262,37.57342],[126.7827,37.57356],[126.78289,37.5737],[126.78458,37.57467],[126.78757,37.5756],[126.79006,37.57757],[126.79052,37.58031],[126.79174,37.58114],[126.79299,37.57974],[126.7937,37.58154],[126.79367,37.5816],[126.79482,37.58331],[126.79572,37.58312],[126.79591,37.58316],[126.79595,37.58318],[126.79626,37.58345],[126.7969,37.58402],[126.79703,37.58418],[126.79736,37.58558],[126.79834,37.58779],[126.79869,37.5881],[126.79883,37.58822],[126.79964,37.58802],[126.80068,37.5879],[126.80079,37.588],[126.80088,37.58875],[126.80082,37.58897],[126.80081,37.58901],[126.80062,37.58927],[126.79906,37.59211],[126.79758,37.59576],[126.79753,37.59587],[126.79725,37.59659],[126.79711,37.59728],[126.79707,37.59788],[126.79706,37.59793],[126.79702,37.59849],[126.7971,37.59891],[126.79714,37.59904],[126.79723,37.59934],[126.79747,37.59999],[126.79761,37.60026],[126.79792,37.60075],[126.80035,37.60382],[126.8006,37.6041],[126.80093,37.60434],[126.80128,37.6045],[126.80185,37.60465],[126.80222,37.60466],[126.80237,37.60465],[126.80289,37.60462],[126.80351,37.60451],[126.80397,37.60441],[126.80432,37.60429],[126.80494,37.60402],[126.8055,37.60369],[126.80664,37.60279],[126.80689,37.60258],[126.80719,37.60231],[126.80987,37.59995],[126.81001,37.59982],[126.81013,37.59972],[126.811,37.59894],[126.81128,37.59868],[126.81408,37.59759],[126.81641,37.59564],[126.81759,37.59529],[126.81858,37.59359],[126.82326,37.59033],[126.82453,37.5894],[126.82682,37.58799],[126.83209,37.58577],[126.85163,37.57326],[126.85356,37.57181],[126.85517,37.56998],[126.8595,37.56733],[126.86306,37.565],[126.87203,37.56004],[126.88038,37.55618],[126.87932,37.55483],[126.8792,37.5532],[126.87799,37.55343],[126.87814,37.55155],[126.88071,37.54787],[126.87988,37.54767],[126.8794,37.54755],[126.87849,37.54731],[126.87814,37.54721],[126.87789,37.54718],[126.87781,37.54717],[126.87772,37.54715],[126.87737,37.54711],[126.87685,37.54706],[126.87501,37.54696],[126.87495,37.54695],[126.87489,37.54695],[126.87462,37.54694],[126.87402,37.54693],[126.87347,37.54697],[126.873,37.54702],[126.87242,37.54711],[126.87206,37.54721],[126.87177,37.54729],[126.87116,37.54749],[126.8707,37.54765],[126.86498,37.55093],[126.86428,37.55139],[126.86293,37.54702],[126.86254,37.54585],[126.86243,37.54543],[126.86219,37.54456],[126.86217,37.54448],[126.86216,37.54414],[126.86229,37.54374],[126.86233,37.54364],[126.86234,37.5436],[126.86294,37.54247],[126.86367,37.53928],[126.86349,37.5356],[126.86401,37.5298],[126.85849,37.52911],[126.85196,37.52828],[126.8489,37.5279],[126.84049,37.52654]]]]},"properties":{"name":"강서구","sgg":"11500","risk":20,"slope_mean":1.5,"slope_max":15.2,"exceed_ratio":0.085,"points":5899,"worst_lat":37.57859,"worst_lon":126.80452,"width_n":878,"width_mean":5.0,"narrow_ratio":0.031,"surface_n":1321,"surface_top":"블록","slippery_ratio":0.691,"lat":37.56253,"lon":126.81707}},{"type":"Feature","geometry":{"type":"MultiPolygon","coordinates":[[[[126.92875,37.45019],[126.92707,37.45169],[126.9253,37.45288],[126.92318,37.45443],[126.92306,37.45463],[126.92264,37.45554],[126.92243,37.45673],[126.92251,37.45695],[126.92247,37.45725],[126.91841,37.45716],[126.91483,37.45767],[126.91415,37.45809],[126.91396,37.45864],[126.91286,37.46397],[126.91303,37.4644],[126.91348,37.46496],[126.91375,37.46528],[126.91244,37.46568],[126.9124,37.46601],[126.91186,37.46642],[126.91162,37.46663],[126.91013,37.46907],[126.90901,37.47121],[126.90864,37.47208],[126.90823,37.47263],[126.90984,37.47325],[126.90988,37.47326],[126.91072,37.47364],[126.91081,37.4737],[126.91085,37.47373],[126.91087,37.47375],[126.91091,37.47379],[126.91093,37.47382],[126.91096,37.47386],[126.91135,37.47474],[126.91164,37.47552],[126.91194,37.47691],[126.91186,37.47726],[126.91162,37.47817],[126.91129,37.47815],[126.91126,37.47814],[126.91065,37.4781],[126.90949,37.4782],[126.90924,37.4784],[126.90882,37.47886],[126.90882,37.47944],[126.90972,37.48095],[126.90855,37.48073],[126.9075,37.48053],[126.90655,37.48036],[126.90531,37.48013],[126.90386,37.47986],[126.90247,37.47961],[126.90212,37.47954],[126.90067,37.47933],[126.89947,37.48034],[126.90323,37.48499],[126.90513,37.48497],[126.90561,37.48498],[126.90596,37.48499],[126.9067,37.48516],[126.90746,37.48535],[126.90777,37.48542],[126.90872,37.48571],[126.90899,37.48579],[126.90908,37.48582],[126.90923,37.48587],[126.91038,37.48623],[126.91042,37.48624],[126.91115,37.48647],[126.91324,37.48721],[126.91332,37.48725],[126.91382,37.48753],[126.91597,37.48876],[126.91889,37.48956],[126.9243,37.48996],[126.92488,37.4909],[126.92583,37.49261],[126.92652,37.49393],[126.92655,37.49401],[126.92657,37.49406],[126.9266,37.49413],[126.92683,37.49437],[126.92737,37.49493],[126.9274,37.49495],[126.92772,37.49499],[126.92781,37.49498],[126.92804,37.49495],[126.9281,37.49494],[126.92848,37.49479],[126.92852,37.49477],[126.92892,37.49454],[126.92904,37.49447],[126.92918,37.49439],[126.92987,37.494],[126.93112,37.49342],[126.93345,37.49302],[126.93612,37.4924],[126.93915,37.49158],[126.93951,37.49088],[126.94165,37.49225],[126.94283,37.49224],[126.94339,37.49208],[126.94739,37.49391],[126.94768,37.49374],[126.94852,37.49368],[126.95125,37.49241],[126.9534,37.49116],[126.95346,37.49113],[126.95404,37.49104],[126.9548,37.49118],[126.95611,37.49158],[126.95628,37.49157],[126.95671,37.49155],[126.95732,37.49179],[126.95737,37.49181],[126.95868,37.49293],[126.95895,37.49379],[126.95913,37.49387],[126.96023,37.49389],[126.96035,37.49385],[126.9612,37.49339],[126.96121,37.49329],[126.96124,37.49256],[126.96125,37.49243],[126.96107,37.49113],[126.96207,37.48729],[126.96214,37.48647],[126.96215,37.48524],[126.96141,37.48382],[126.96139,37.48379],[126.96139,37.48376],[126.96138,37.48371],[126.96134,37.48349],[126.96444,37.48022],[126.96532,37.47956],[126.96589,37.47922],[126.96682,37.47858],[126.96782,37.47779],[126.96821,37.4773],[126.9688,37.47665],[126.96959,37.47664],[126.96977,37.47663],[126.97019,37.47663],[126.97049,37.47537],[126.97095,37.47548],[126.97152,37.47561],[126.97196,37.47572],[126.97237,37.47581],[126.9727,37.47587],[126.97345,37.47601],[126.97483,37.47626],[126.97494,37.47627],[126.97515,37.47631],[126.97692,37.47657],[126.97727,37.47658],[126.97939,37.47662],[126.98172,37.47636],[126.98177,37.47583],[126.98186,37.4747],[126.98195,37.47442],[126.98254,37.47277],[126.98255,37.47274],[126.98265,37.47257],[126.98323,37.47157],[126.98378,37.4708],[126.98453,37.46974],[126.98543,37.46898],[126.98667,37.46801],[126.98671,37.46797],[126.98686,37.46785],[126.98713,37.46751],[126.98739,37.46719],[126.98759,37.46694],[126.98781,37.46641],[126.98816,37.46552],[126.98823,37.46387],[126.98802,37.46276],[126.98792,37.46224],[126.98764,37.4613],[126.98747,37.46041],[126.98764,37.4594],[126.98862,37.45814],[126.98684,37.45741],[126.98236,37.45516],[126.97866,37.4519],[126.97406,37.44765],[126.97398,37.4476],[126.97081,37.44746],[126.9687,37.44679],[126.96861,37.44679],[126.96848,37.44679],[126.96827,37.44677],[126.96811,37.44675],[126.96557,37.4461],[126.96541,37.44604],[126.96456,37.44569],[126.9645,37.44565],[126.96441,37.44558],[126.96436,37.44549],[126.96432,37.44543],[126.96399,37.44485],[126.96383,37.44422],[126.96383,37.44396],[126.96385,37.44385],[126.96387,37.44377],[126.96387,37.44373],[126.96391,37.44359],[126.96396,37.44342],[126.96405,37.44305],[126.96408,37.4428],[126.96411,37.44247],[126.9641,37.4423],[126.96409,37.44219],[126.96398,37.44204],[126.9638,37.44077],[126.96302,37.44031],[126.95998,37.44026],[126.95925,37.4392],[126.95525,37.43859],[126.95259,37.43921],[126.95102,37.43842],[126.94822,37.43852],[126.9469,37.43805],[126.94492,37.43704],[126.9414,37.43741],[126.94021,37.43572],[126.93864,37.43605],[126.93727,37.43845],[126.93785,37.44018],[126.93537,37.44285],[126.93389,37.44355],[126.93051,37.44529],[126.93026,37.44633],[126.93033,37.44739],[126.93103,37.44782],[126.92875,37.45019]]]]},"properties":{"name":"관악구","sgg":"11620","risk":77,"slope_mean":5.9,"slope_max":16.2,"exceed_ratio":0.55,"points":2228,"worst_lat":37.45829,"worst_lon":126.92197,"width_n":359,"width_mean":4.2,"narrow_ratio":0.075,"surface_n":363,"surface_top":"블록","slippery_ratio":0.92,"lat":37.47127,"lon":126.94431}},{"type":"Feature","geometry":{"type":"MultiPolygon","coordinates":[[[[127.06696,37.52508],[127.06526,37.5256],[127.06025,37.52752],[127.05657,37.5291],[127.06283,37.54019],[127.06394,37.54215],[127.0675,37.54831],[127.0737,37.55944],[127.0721,37.56005],[127.07585,37.56664],[127.07686,37.56844],[127.07778,37.57008],[127.0782,37.57094],[127.07858,37.57186],[127.08098,37.57161],[127.08617,37.57082],[127.08672,37.57084],[127.08683,37.57084],[127.08688,37.57084],[127.08696,37.57084],[127.087,37.57084],[127.08704,37.57084],[127.08713,37.57084],[127.08718,37.57084],[127.08723,37.57084],[127.08755,37.57084],[127.08759,37.57084],[127.0879,37.57083],[127.08801,37.57083],[127.08805,37.57083],[127.08816,37.57082],[127.0883,37.57039],[127.08833,37.5703],[127.0884,37.57008],[127.08871,37.57013],[127.08876,37.57014],[127.08892,37.57017],[127.08898,37.57018],[127.08909,37.57018],[127.08919,37.57016],[127.08931,37.57012],[127.08958,37.56997],[127.08977,37.56988],[127.08986,37.5698],[127.0899,37.56976],[127.09,37.5697],[127.0901,37.56968],[127.09023,37.56965],[127.09035,37.56962],[127.09046,37.56961],[127.09072,37.56958],[127.09077,37.56958],[127.09117,37.56956],[127.09121,37.56956],[127.09146,37.56959],[127.0918,37.56965],[127.09195,37.56971],[127.09208,37.56976],[127.09223,37.56983],[127.09231,37.56987],[127.0924,37.56996],[127.09249,37.5701],[127.09253,37.57025],[127.09263,37.57041],[127.09269,37.5704],[127.09278,37.57038],[127.09292,37.57036],[127.09309,37.57033],[127.09323,37.57032],[127.09331,37.57031],[127.09345,37.57033],[127.09365,37.57039],[127.0938,37.57041],[127.09393,37.57042],[127.09398,37.57043],[127.09409,37.57045],[127.09419,37.57047],[127.09428,37.5705],[127.09432,37.57052],[127.09443,37.57055],[127.09457,37.5706],[127.09477,37.57073],[127.09496,37.57082],[127.0951,37.57088],[127.09515,37.5709],[127.09531,37.57097],[127.09544,37.57103],[127.09551,37.57105],[127.09565,37.5711],[127.09575,37.5711],[127.10093,37.57356],[127.10164,37.57256],[127.10293,37.57237],[127.10297,37.57237],[127.10308,37.57233],[127.10316,37.57229],[127.10326,37.57223],[127.10369,37.57194],[127.10383,37.57183],[127.10397,37.57173],[127.104,37.57171],[127.10401,37.57168],[127.10419,37.5711],[127.10419,37.57105],[127.10418,37.571],[127.10416,37.57092],[127.10407,37.5708],[127.10398,37.57069],[127.10395,37.57066],[127.1039,37.57062],[127.10383,37.57053],[127.1038,37.57048],[127.10375,37.57042],[127.1035,37.57003],[127.10343,37.56989],[127.10338,37.56979],[127.10337,37.56975],[127.10334,37.56965],[127.10109,37.56091],[127.10108,37.56082],[127.10108,37.56076],[127.10115,37.56002],[127.10425,37.55988],[127.10896,37.55982],[127.11002,37.55846],[127.11147,37.55889],[127.11377,37.55889],[127.1139,37.5586],[127.11389,37.55666],[127.11389,37.55512],[127.11389,37.55333],[127.11336,37.55203],[127.11334,37.552],[127.11307,37.55133],[127.11244,37.54951],[127.11222,37.54834],[127.11207,37.54755],[127.11157,37.54651],[127.11089,37.54547],[127.10956,37.54347],[127.10416,37.536],[127.1032,37.53467],[127.09896,37.52795],[127.09812,37.52756],[127.09225,37.52679],[127.09044,37.526],[127.08852,37.52549],[127.08759,37.52525],[127.08559,37.52474],[127.08429,37.52442],[127.08342,37.52431],[127.08236,37.52418],[127.07989,37.52387],[127.07758,37.52358],[127.07695,37.52359],[127.07285,37.52371],[127.07258,37.52378],[127.06696,37.52508]]]]},"properties":{"name":"광진구","sgg":"11215","risk":25,"slope_mean":2.0,"slope_max":16.6,"exceed_ratio":0.067,"points":3134,"worst_lat":37.57104,"worst_lon":127.09575,"width_n":759,"width_mean":4.4,"narrow_ratio":0.04,"surface_n":956,"surface_top":"블록","slippery_ratio":0.834,"lat":37.5615,"lon":127.09335}},{"type":"Feature","geometry":{"type":"MultiPolygon","coordinates":[[[[126.82597,37.47685],[126.82513,37.47676],[126.82419,37.47618],[126.82265,37.47586],[126.82168,37.47531],[126.82122,37.47625],[126.81922,37.47616],[126.81915,37.4755],[126.8195,37.47511],[126.81846,37.47518],[126.81867,37.47413],[126.81793,37.47347],[126.81784,37.47315],[126.81731,37.47318],[126.81709,37.47359],[126.81666,37.47392],[126.81591,37.47399],[126.81539,37.47401],[126.81475,37.47467],[126.81487,37.47578],[126.81529,37.47645],[126.81609,37.47672],[126.81607,37.47712],[126.81644,37.47757],[126.81705,37.47812],[126.8182,37.47814],[126.81957,37.48028],[126.81993,37.48176],[126.81945,37.48271],[126.81942,37.48396],[126.81939,37.48537],[126.81943,37.48547],[126.81951,37.48556],[126.82037,37.48588],[126.82119,37.48615],[126.82126,37.48618],[126.8213,37.48619],[126.82233,37.48674],[126.82319,37.4875],[126.82347,37.48775],[126.82303,37.48808],[126.823,37.48848],[126.82274,37.48998],[126.82062,37.49076],[126.82026,37.49084],[126.82021,37.49087],[126.81941,37.49124],[126.81854,37.49165],[126.81786,37.49158],[126.81594,37.49243],[126.81559,37.49307],[126.81439,37.4932],[126.81429,37.49463],[126.81298,37.49629],[126.814,37.4972],[126.81436,37.49831],[126.81517,37.49804],[126.81593,37.49764],[126.81651,37.49781],[126.81821,37.49888],[126.81895,37.49869],[126.81976,37.49923],[126.81938,37.5005],[126.8202,37.50158],[126.82159,37.50206],[126.82152,37.50303],[126.82195,37.50453],[126.82245,37.50607],[126.82224,37.5076],[126.82468,37.50833],[126.82627,37.50875],[126.82653,37.50875],[126.82697,37.50859],[126.83068,37.50757],[126.83064,37.50683],[126.83264,37.50503],[126.83388,37.50408],[126.83424,37.50383],[126.83434,37.50377],[126.83535,37.50348],[126.8357,37.50339],[126.83617,37.50304],[126.83642,37.50246],[126.83653,37.50097],[126.83646,37.50077],[126.83641,37.50065],[126.83689,37.50063],[126.83836,37.50014],[126.83838,37.50147],[126.83898,37.5029],[126.84062,37.50399],[126.84233,37.50489],[126.84454,37.50644],[126.84529,37.50787],[126.84718,37.50879],[126.85124,37.51003],[126.8529,37.51058],[126.85402,37.5103],[126.85507,37.50992],[126.85609,37.50947],[126.85816,37.50995],[126.8596,37.50754],[126.85968,37.50739],[126.86011,37.50669],[126.86246,37.50669],[126.86275,37.506],[126.86317,37.50525],[126.86339,37.50508],[126.86353,37.50497],[126.86457,37.50501],[126.86964,37.5054],[126.87126,37.50563],[126.87348,37.50852],[126.87846,37.51428],[126.87947,37.51677],[126.88173,37.51582],[126.88852,37.51266],[126.88963,37.51209],[126.89029,37.51167],[126.89045,37.51156],[126.89068,37.51133],[126.89079,37.5112],[126.8909,37.51108],[126.89119,37.5107],[126.89122,37.51066],[126.89175,37.50987],[126.89297,37.50946],[126.89514,37.50815],[126.89386,37.50748],[126.89369,37.50442],[126.8934,37.50313],[126.89334,37.50257],[126.89334,37.50252],[126.89333,37.50231],[126.89332,37.50202],[126.89331,37.50151],[126.89332,37.50118],[126.89333,37.50112],[126.89344,37.49841],[126.89345,37.49825],[126.89353,37.49772],[126.89455,37.49432],[126.89537,37.4921],[126.8954,37.49203],[126.89742,37.48776],[126.89756,37.4876],[126.8977,37.48748],[126.8986,37.48673],[126.89884,37.48659],[126.90028,37.48576],[126.90045,37.48567],[126.90276,37.48501],[126.90291,37.48499],[126.90299,37.48499],[126.90323,37.48499],[126.89947,37.48034],[126.89895,37.47895],[126.89617,37.47855],[126.89586,37.47846],[126.8956,37.47846],[126.89556,37.47846],[126.89537,37.47847],[126.89521,37.47847],[126.89481,37.47851],[126.89441,37.47858],[126.89041,37.47926],[126.8902,37.4793],[126.89013,37.47931],[126.88993,37.47935],[126.88975,37.4794],[126.88952,37.47946],[126.8893,37.47954],[126.88908,37.47962],[126.88872,37.4798],[126.88853,37.4799],[126.88845,37.47995],[126.88834,37.48002],[126.88822,37.4801],[126.88816,37.48014],[126.8879,37.48035],[126.88784,37.4804],[126.88775,37.48048],[126.88763,37.48059],[126.88757,37.48065],[126.8875,37.48073],[126.88737,37.48087],[126.88718,37.48111],[126.88547,37.48284],[126.88227,37.48503],[126.88066,37.48597],[126.8781,37.48629],[126.87737,37.48596],[126.87708,37.48584],[126.87634,37.48561],[126.87552,37.48548],[126.87532,37.48545],[126.87474,37.48538],[126.87515,37.48648],[126.87529,37.48853],[126.87278,37.4888],[126.87005,37.49192],[126.86965,37.49252],[126.86961,37.4934],[126.86891,37.4951],[126.86831,37.4951],[126.86704,37.49296],[126.86309,37.49096],[126.86187,37.49039],[126.86172,37.49027],[126.86161,37.49018],[126.86126,37.48983],[126.85907,37.48733],[126.85834,37.48649],[126.85818,37.4863],[126.8577,37.4859],[126.85651,37.48569],[126.85348,37.48264],[126.85345,37.48261],[126.85324,37.4824],[126.85308,37.48229],[126.85256,37.48194],[126.85198,37.48167],[126.85189,37.48163],[126.85149,37.48159],[126.85109,37.48155],[126.85063,37.4816],[126.85001,37.48166],[126.84824,37.48211],[126.84817,37.48221],[126.84827,37.48236],[126.84648,37.4817],[126.84603,37.4797],[126.84594,37.47821],[126.84594,37.47816],[126.84589,37.47744],[126.84582,37.47657],[126.84555,37.47453],[126.84554,37.47434],[126.84554,37.47427],[126.84549,37.47408],[126.84533,37.4738],[126.84504,37.47384],[126.84462,37.47393],[126.84418,37.47402],[126.84361,37.47443],[126.84356,37.47455],[126.84347,37.47469],[126.84328,37.47483],[126.84291,37.4749],[126.84278,37.47492],[126.84271,37.47493],[126.84258,37.47492],[126.84244,37.47489],[126.8424,37.47487],[126.84237,37.47486],[126.84228,37.47482],[126.84217,37.4748],[126.84206,37.47479],[126.84197,37.47482],[126.84187,37.47483],[126.84174,37.4748],[126.84141,37.47471],[126.84101,37.47462],[126.84085,37.47463],[126.84013,37.47474],[126.84,37.47479],[126.83978,37.475],[126.83974,37.47505],[126.83884,37.47546],[126.83848,37.47538],[126.83733,37.47513],[126.83713,37.4751],[126.8369,37.47506],[126.83685,37.47505],[126.83579,37.47526],[126.83301,37.47725],[126.83179,37.47757],[126.82965,37.47669],[126.82928,37.47625],[126.82876,37.4761],[126.82597,37.47685]]]]},"properties":{"name":"구로구","sgg":"11530","risk":32,"slope_mean":2.3,"slope_max":12.7,"exceed_ratio":0.144,"points":3190,"worst_lat":37.48913,"worst_lon":126.84363,"width_n":598,"width_mean":3.9,"narrow_ratio":0.033,"surface_n":745,"surface_top":"블록","slippery_ratio":0.766,"lat":37.48872,"lon":126.85341}},{"type":"Feature","geometry":{"type":"MultiPolygon","coordinates":[[[[126.91433,37.44004],[126.91412,37.43989],[126.91403,37.43982],[126.91236,37.43859],[126.91135,37.43754],[126.91132,37.43749],[126.91125,37.43738],[126.91082,37.4366],[126.91047,37.43565],[126.91038,37.43541],[126.90934,37.43416],[126.90911,37.43399],[126.90893,37.43391],[126.90873,37.43382],[126.90829,37.43371],[126.9082,37.43368],[126.90739,37.4336],[126.90724,37.43359],[126.90447,37.43406],[126.90279,37.43551],[126.90192,37.43637],[126.90049,37.43736],[126.89938,37.43814],[126.89934,37.43819],[126.89911,37.43847],[126.89908,37.43852],[126.89906,37.43855],[126.89894,37.43871],[126.89888,37.4388],[126.89878,37.43911],[126.89872,37.43931],[126.8988,37.43937],[126.8991,37.4396],[126.89912,37.44104],[126.89893,37.44238],[126.89851,37.44387],[126.89823,37.44465],[126.89612,37.44585],[126.89509,37.44843],[126.89483,37.45085],[126.89407,37.45264],[126.89263,37.45192],[126.89246,37.45194],[126.88971,37.45232],[126.88962,37.45235],[126.88953,37.45253],[126.88948,37.45275],[126.88717,37.45557],[126.88638,37.4562],[126.8862,37.45657],[126.88527,37.46006],[126.88606,37.46064],[126.88667,37.46098],[126.88762,37.46113],[126.88798,37.46101],[126.88822,37.4609],[126.88839,37.46083],[126.8886,37.46083],[126.88865,37.46083],[126.88868,37.46085],[126.88886,37.46092],[126.88896,37.46106],[126.88907,37.46125],[126.8891,37.4614],[126.88908,37.46153],[126.88865,37.46247],[126.88677,37.46468],[126.88607,37.46548],[126.88578,37.46582],[126.88065,37.47185],[126.8799,37.47278],[126.87986,37.47283],[126.87976,37.47296],[126.8795,37.4733],[126.87917,37.47374],[126.87901,37.47396],[126.87846,37.4747],[126.87815,37.47518],[126.87798,37.47543],[126.87782,37.47567],[126.87758,37.47605],[126.87666,37.47756],[126.87664,37.47759],[126.8763,37.47821],[126.87613,37.47852],[126.87572,37.47929],[126.87562,37.47948],[126.87516,37.48045],[126.87472,37.48141],[126.87391,37.48333],[126.87398,37.48505],[126.87474,37.48538],[126.87532,37.48545],[126.87552,37.48548],[126.87634,37.48561],[126.87708,37.48584],[126.87737,37.48596],[126.8781,37.48629],[126.88066,37.48597],[126.88227,37.48503],[126.88547,37.48284],[126.88718,37.48111],[126.88737,37.48087],[126.8875,37.48073],[126.88757,37.48065],[126.88763,37.48059],[126.88775,37.48048],[126.88784,37.4804],[126.8879,37.48035],[126.88816,37.48014],[126.88822,37.4801],[126.88834,37.48002],[126.88845,37.47995],[126.88853,37.4799],[126.88872,37.4798],[126.88908,37.47962],[126.8893,37.47954],[126.88952,37.47946],[126.88975,37.4794],[126.88993,37.47935],[126.89013,37.47931],[126.8902,37.4793],[126.89041,37.47926],[126.89441,37.47858],[126.89481,37.47851],[126.89521,37.47847],[126.89537,37.47847],[126.89556,37.47846],[126.8956,37.47846],[126.89586,37.47846],[126.89617,37.47855],[126.89895,37.47895],[126.89947,37.48034],[126.90067,37.47933],[126.90212,37.47954],[126.90247,37.47961],[126.90386,37.47986],[126.90531,37.48013],[126.90655,37.48036],[126.9075,37.48053],[126.90855,37.48073],[126.90972,37.48095],[126.90882,37.47944],[126.90882,37.47886],[126.90924,37.4784],[126.90949,37.4782],[126.91065,37.4781],[126.91126,37.47814],[126.91129,37.47815],[126.91162,37.47817],[126.91186,37.47726],[126.91194,37.47691],[126.91164,37.47552],[126.91135,37.47474],[126.91096,37.47386],[126.91093,37.47382],[126.91091,37.47379],[126.91087,37.47375],[126.91085,37.47373],[126.91081,37.4737],[126.91072,37.47364],[126.90988,37.47326],[126.90984,37.47325],[126.90823,37.47263],[126.90864,37.47208],[126.90901,37.47121],[126.91013,37.46907],[126.91162,37.46663],[126.91186,37.46642],[126.9124,37.46601],[126.91244,37.46568],[126.91375,37.46528],[126.91348,37.46496],[126.91303,37.4644],[126.91286,37.46397],[126.91396,37.45864],[126.91415,37.45809],[126.91483,37.45767],[126.91841,37.45716],[126.92247,37.45725],[126.92251,37.45695],[126.92243,37.45673],[126.92264,37.45554],[126.92306,37.45463],[126.92318,37.45443],[126.9253,37.45288],[126.92707,37.45169],[126.92875,37.45019],[126.92834,37.44969],[126.92535,37.44752],[126.92373,37.44665],[126.92212,37.44517],[126.92109,37.44413],[126.92096,37.44362],[126.91993,37.44134],[126.9199,37.44129],[126.91951,37.44085],[126.91943,37.44078],[126.91811,37.43992],[126.91805,37.43989],[126.91795,37.4399],[126.91522,37.44006],[126.91487,37.44009],[126.9148,37.4401],[126.91433,37.44004]]]]},"properties":{"name":"금천구","sgg":"11545","risk":33,"slope_mean":2.4,"slope_max":21.3,"exceed_ratio":0.138,"points":2780,"worst_lat":37.45481,"worst_lon":126.9212,"width_n":839,"width_mean":3.8,"narrow_ratio":0.154,"surface_n":938,"surface_top":"블록","slippery_ratio":0.779,"lat":37.46293,"lon":126.89927}},{"type":"Feature","geometry":{"type":"MultiPolygon","coordinates":[[[[127.06605,37.6143],[127.06594,37.61428],[127.06487,37.61422],[127.06289,37.61434],[127.06274,37.61431],[127.06242,37.61429],[127.06221,37.61433],[127.06201,37.61438],[127.06172,37.61452],[127.06152,37.61462],[127.06146,37.61465],[127.06123,37.61477],[127.06091,37.61495],[127.06061,37.61565],[127.05691,37.61812],[127.05421,37.62017],[127.05396,37.62038],[127.05384,37.62048],[127.05373,37.62058],[127.05335,37.6209],[127.05272,37.62153],[127.05217,37.62209],[127.05111,37.62325],[127.04999,37.62443],[127.04824,37.62647],[127.04616,37.62809],[127.04289,37.63044],[127.04216,37.63088],[127.04197,37.63099],[127.04148,37.63128],[127.0429,37.6327],[127.04353,37.63308],[127.04394,37.63344],[127.04403,37.63362],[127.04492,37.63592],[127.04492,37.63596],[127.04501,37.63687],[127.0453,37.63749],[127.04551,37.63783],[127.04635,37.63916],[127.048,37.6417],[127.0506,37.64515],[127.05125,37.6452],[127.05126,37.64516],[127.05225,37.64279],[127.05233,37.6426],[127.05262,37.64209],[127.05289,37.64175],[127.05321,37.6414],[127.05338,37.64123],[127.05362,37.64104],[127.05401,37.64074],[127.05413,37.64067],[127.05419,37.64066],[127.05427,37.64064],[127.05437,37.64064],[127.05494,37.64076],[127.05507,37.64163],[127.05573,37.64531],[127.05589,37.64597],[127.05558,37.64711],[127.05547,37.64747],[127.05532,37.64796],[127.05521,37.64833],[127.05504,37.64867],[127.05482,37.6491],[127.05463,37.64947],[127.05453,37.64967],[127.05443,37.65011],[127.05441,37.65021],[127.05436,37.65041],[127.05429,37.65093],[127.05424,37.65195],[127.05423,37.65204],[127.05423,37.65214],[127.05422,37.65254],[127.05421,37.65302],[127.05418,37.65448],[127.05244,37.65816],[127.05155,37.66066],[127.05147,37.6618],[127.05132,37.66365],[127.05127,37.66398],[127.05113,37.66436],[127.05105,37.66457],[127.05085,37.66495],[127.05061,37.66531],[127.05006,37.66611],[127.04979,37.66646],[127.04976,37.6665],[127.04972,37.66656],[127.04967,37.66662],[127.04929,37.66737],[127.04928,37.6674],[127.04901,37.66807],[127.04889,37.66874],[127.04882,37.66909],[127.04893,37.6712],[127.04893,37.67123],[127.04897,37.67185],[127.049,37.6721],[127.04906,37.67264],[127.04908,37.67278],[127.04914,37.67312],[127.05094,37.68015],[127.05149,37.682],[127.05182,37.68242],[127.05186,37.68247],[127.05201,37.68366],[127.05202,37.68387],[127.05192,37.68481],[127.05144,37.68579],[127.05118,37.68632],[127.05107,37.68651],[127.05094,37.68673],[127.05078,37.68702],[127.05294,37.68813],[127.05463,37.68929],[127.05482,37.68935],[127.05683,37.68957],[127.05755,37.6894],[127.05816,37.68915],[127.05885,37.68894],[127.06038,37.68869],[127.0618,37.68898],[127.06451,37.68964],[127.06511,37.68985],[127.06535,37.69005],[127.06547,37.69023],[127.06564,37.69047],[127.06566,37.6906],[127.06826,37.69347],[127.06837,37.69358],[127.06881,37.69406],[127.06939,37.69437],[127.06994,37.69426],[127.07043,37.69408],[127.07104,37.69413],[127.072,37.69426],[127.07263,37.69435],[127.07283,37.69443],[127.07292,37.69446],[127.07446,37.69548],[127.07594,37.69596],[127.07734,37.69638],[127.08111,37.69609],[127.08286,37.6951],[127.08349,37.69461],[127.08377,37.69466],[127.08429,37.69401],[127.08514,37.69142],[127.08514,37.691],[127.08502,37.69085],[127.08493,37.69084],[127.08583,37.69045],[127.08624,37.69031],[127.08899,37.68976],[127.08941,37.68977],[127.08959,37.68981],[127.08993,37.68989],[127.0922,37.68973],[127.09233,37.68972],[127.09241,37.68971],[127.09284,37.68968],[127.09495,37.68917],[127.09531,37.68904],[127.0955,37.68897],[127.09558,37.68894],[127.09579,37.68886],[127.09592,37.68772],[127.09632,37.68595],[127.09629,37.68579],[127.09629,37.68574],[127.09586,37.68475],[127.09563,37.68432],[127.09553,37.68426],[127.0954,37.68419],[127.09506,37.6841],[127.09499,37.68408],[127.09467,37.684],[127.09428,37.68355],[127.09281,37.6818],[127.0928,37.68178],[127.0927,37.68158],[127.09183,37.67919],[127.09184,37.67901],[127.09184,37.67892],[127.09193,37.67839],[127.09204,37.67792],[127.09227,37.67748],[127.09246,37.67736],[127.09279,37.67738],[127.09298,37.67728],[127.09361,37.67662],[127.09556,37.67281],[127.09563,37.6726],[127.09574,37.67227],[127.09575,37.672],[127.09573,37.67042],[127.09441,37.66436],[127.09396,37.66257],[127.09244,37.65809],[127.09023,37.65728],[127.08845,37.65662],[127.08603,37.65591],[127.08634,37.6555],[127.08658,37.65541],[127.08921,37.65495],[127.09062,37.6549],[127.09282,37.6549],[127.0936,37.65332],[127.0923,37.64999],[127.09229,37.64995],[127.0923,37.64992],[127.09234,37.64973],[127.09237,37.6496],[127.09245,37.64925],[127.09255,37.64888],[127.09258,37.64881],[127.09348,37.64699],[127.09394,37.64633],[127.09445,37.64576],[127.09493,37.64551],[127.09781,37.64528],[127.10139,37.64538],[127.10396,37.64563],[127.10657,37.64549],[127.10742,37.64503],[127.10803,37.64464],[127.10807,37.64452],[127.10822,37.64416],[127.10907,37.64303],[127.10918,37.64292],[127.10956,37.64261],[127.10959,37.64258],[127.10964,37.64255],[127.1097,37.64251],[127.10975,37.64249],[127.11115,37.64241],[127.11134,37.642],[127.11195,37.64027],[127.11238,37.63523],[127.11204,37.63262],[127.11142,37.63133],[127.11098,37.63059],[127.11091,37.63053],[127.11084,37.63047],[127.11042,37.63014],[127.10862,37.62914],[127.10549,37.62726],[127.10537,37.62714],[127.10526,37.62691],[127.10353,37.62307],[127.10353,37.62304],[127.10351,37.6229],[127.10366,37.62247],[127.10398,37.62177],[127.10403,37.62169],[127.10407,37.62166],[127.10424,37.62152],[127.10429,37.62149],[127.10435,37.62146],[127.10496,37.62117],[127.10502,37.62117],[127.10511,37.62117],[127.10525,37.62116],[127.1053,37.62115],[127.10537,37.62113],[127.10542,37.62111],[127.1055,37.62106],[127.10562,37.62102],[127.10566,37.621],[127.1057,37.62095],[127.10572,37.6209],[127.10571,37.62083],[127.10502,37.62068],[127.10183,37.61989],[127.10155,37.61981],[127.10151,37.6198],[127.10145,37.61976],[127.1005,37.61888],[127.09704,37.61705],[127.09695,37.61705],[127.09682,37.61705],[127.09615,37.6171],[127.09305,37.61804],[127.09261,37.61821],[127.09244,37.61828],[127.08954,37.61964],[127.08797,37.61989],[127.08573,37.62017],[127.08415,37.61963],[127.08245,37.6193],[127.08164,37.61925],[127.07585,37.61708],[127.0714,37.61563],[127.07119,37.61637],[127.06801,37.61557],[127.06801,37.61554],[127.06801,37.61544],[127.06775,37.61522],[127.06605,37.6143]]]]},"properties":{"name":"노원구","sgg":"11350","risk":32,"slope_mean":2.3,"slope_max":13.9,"exceed_ratio":0.158,"points":6849,"worst_lat":37.62446,"worst_lon":127.05846,"width_n":1995,"width_mean":3.9,"narrow_ratio":0.069,"surface_n":2519,"surface_top":"블록","slippery_ratio":0.666,"lat":37.65321,"lon":127.07634}},{"type":"Feature","geometry":{"type":"MultiPolygon","coordinates":[[[[127.03609,37.63699],[127.03588,37.63704],[127.0357,37.63708],[127.03553,37.63712],[127.0355,37.63714],[127.03496,37.63738],[127.03469,37.6376],[127.03463,37.63768],[127.0345,37.63785],[127.03436,37.63818],[127.0343,37.6383],[127.03427,37.63839],[127.03424,37.63845],[127.03402,37.63895],[127.03397,37.63908],[127.03389,37.63928],[127.03384,37.63939],[127.0336,37.63999],[127.03358,37.64003],[127.03355,37.6401],[127.0333,37.64063],[127.03315,37.64094],[127.03301,37.64116],[127.03294,37.64129],[127.03291,37.64132],[127.03267,37.64163],[127.03229,37.64194],[127.03179,37.64229],[127.0317,37.64235],[127.03125,37.64262],[127.03083,37.64286],[127.03061,37.64305],[127.03013,37.64337],[127.02993,37.6435],[127.02977,37.64361],[127.02972,37.64364],[127.02791,37.64475],[127.02727,37.64512],[127.02708,37.64518],[127.02664,37.64536],[127.0266,37.64538],[127.02616,37.6456],[127.02609,37.64564],[127.02592,37.64572],[127.02566,37.64586],[127.02564,37.64589],[127.0255,37.64608],[127.02515,37.6466],[127.02478,37.64724],[127.02462,37.6474],[127.02131,37.64896],[127.02114,37.64902],[127.02084,37.64905],[127.02077,37.64906],[127.02056,37.64908],[127.02049,37.64908],[127.02023,37.64907],[127.01996,37.64901],[127.01971,37.64894],[127.01918,37.6488],[127.01893,37.64874],[127.01887,37.64872],[127.01879,37.64871],[127.01858,37.64867],[127.0182,37.64861],[127.01796,37.64861],[127.01779,37.64862],[127.01763,37.64863],[127.01745,37.64865],[127.017,37.64873],[127.01634,37.6489],[127.01562,37.6491],[127.01538,37.64921],[127.01529,37.64926],[127.0152,37.64931],[127.01324,37.65044],[127.01291,37.65115],[127.0129,37.65118],[127.01269,37.65163],[127.01264,37.65185],[127.01256,37.65222],[127.01255,37.65246],[127.01256,37.65275],[127.01266,37.65331],[127.01379,37.65848],[127.01428,37.65989],[127.01463,37.66089],[127.01516,37.66159],[127.01585,37.66144],[127.01634,37.66158],[127.01545,37.66348],[127.01544,37.66376],[127.01541,37.66584],[127.01545,37.66616],[127.01552,37.66634],[127.01566,37.6667],[127.01583,37.66686],[127.01655,37.66755],[127.01693,37.6679],[127.01763,37.66828],[127.01816,37.66878],[127.01844,37.6694],[127.01847,37.66964],[127.01852,37.66996],[127.01844,37.67008],[127.01739,37.67174],[127.01732,37.67183],[127.01663,37.67267],[127.01574,37.67345],[127.01482,37.67424],[127.01458,37.6744],[127.01412,37.67502],[127.01387,37.67537],[127.01342,37.67645],[127.01322,37.67724],[127.01277,37.67807],[127.01202,37.67925],[127.01198,37.67929],[127.01195,37.67931],[127.01074,37.67951],[127.01056,37.67953],[127.01049,37.67954],[127.01045,37.67954],[127.01036,37.67954],[127.00841,37.6813],[127.00829,37.68468],[127.0084,37.68473],[127.00863,37.68487],[127.00869,37.68494],[127.0087,37.68497],[127.00872,37.68501],[127.00875,37.68511],[127.00881,37.68533],[127.00896,37.68661],[127.00897,37.68697],[127.00897,37.68705],[127.00896,37.68711],[127.00871,37.68824],[127.00869,37.6883],[127.00864,37.68839],[127.00855,37.68849],[127.00829,37.68874],[127.00819,37.68883],[127.00814,37.68891],[127.00809,37.68903],[127.00808,37.68912],[127.00806,37.69055],[127.00806,37.6906],[127.00882,37.69455],[127.00884,37.69461],[127.0089,37.69472],[127.00907,37.69502],[127.00913,37.69511],[127.00916,37.69515],[127.00921,37.69523],[127.01075,37.69705],[127.01192,37.69821],[127.01195,37.69824],[127.01199,37.69825],[127.01204,37.69825],[127.0121,37.69825],[127.01215,37.69825],[127.01219,37.69824],[127.01234,37.69824],[127.01238,37.69824],[127.01278,37.69824],[127.01379,37.69825],[127.01437,37.69826],[127.01449,37.69827],[127.01453,37.69828],[127.01461,37.69832],[127.01494,37.69855],[127.01498,37.6986],[127.01502,37.69867],[127.01585,37.70103],[127.01957,37.70108],[127.01968,37.70095],[127.01979,37.70083],[127.01989,37.70075],[127.02028,37.70051],[127.02209,37.6996],[127.02215,37.69959],[127.0247,37.69945],[127.02478,37.69944],[127.02482,37.69944],[127.0249,37.69944],[127.02497,37.69945],[127.02507,37.69948],[127.0253,37.69955],[127.0254,37.69957],[127.02551,37.69961],[127.02565,37.69966],[127.02678,37.70022],[127.02684,37.70026],[127.02689,37.7003],[127.02695,37.7004],[127.027,37.7005],[127.02701,37.70052],[127.02704,37.7006],[127.02707,37.70065],[127.02711,37.7007],[127.02715,37.70072],[127.02722,37.70071],[127.02796,37.70062],[127.02799,37.70061],[127.02803,37.70059],[127.02807,37.70056],[127.02821,37.70039],[127.02889,37.69954],[127.029,37.69938],[127.02922,37.699],[127.02928,37.69886],[127.0293,37.69882],[127.02939,37.69859],[127.02967,37.6977],[127.0297,37.69757],[127.0297,37.69747],[127.02973,37.69708],[127.02973,37.69697],[127.02973,37.69676],[127.0297,37.69654],[127.0297,37.69635],[127.02973,37.69619],[127.02986,37.69579],[127.02993,37.69561],[127.03007,37.69523],[127.03114,37.69294],[127.03117,37.6929],[127.03247,37.69171],[127.0325,37.69171],[127.03257,37.6917],[127.03282,37.69172],[127.03407,37.69188],[127.03411,37.69189],[127.03416,37.69189],[127.03584,37.69222],[127.03589,37.69224],[127.03838,37.69324],[127.03843,37.69327],[127.03855,37.69336],[127.03885,37.69363],[127.03905,37.69388],[127.03969,37.69409],[127.03975,37.69414],[127.03981,37.69421],[127.04001,37.69443],[127.04023,37.69466],[127.04026,37.69469],[127.04038,37.69478],[127.04043,37.69482],[127.0405,37.69484],[127.04055,37.69486],[127.04062,37.69487],[127.04072,37.6949],[127.0408,37.69492],[127.04102,37.69503],[127.04143,37.6953],[127.04153,37.69534],[127.04158,37.69536],[127.04172,37.69535],[127.04301,37.69521],[127.04312,37.69515],[127.04319,37.69503],[127.0432,37.69491],[127.04321,37.69467],[127.04509,37.69244],[127.0482,37.69391],[127.04912,37.69352],[127.04937,37.69291],[127.05007,37.69045],[127.0501,37.69035],[127.05013,37.69011],[127.05012,37.68985],[127.05008,37.68961],[127.05003,37.68929],[127.05002,37.6892],[127.05,37.68877],[127.05003,37.68851],[127.05005,37.68822],[127.05006,37.68818],[127.05014,37.68788],[127.05026,37.6877],[127.05035,37.68754],[127.05039,37.68749],[127.05045,37.68739],[127.05078,37.68702],[127.05094,37.68673],[127.05107,37.68651],[127.05118,37.68632],[127.05144,37.68579],[127.05192,37.68481],[127.05202,37.68387],[127.05201,37.68366],[127.05186,37.68247],[127.05182,37.68242],[127.05149,37.682],[127.05094,37.68015],[127.04914,37.67312],[127.04908,37.67278],[127.04906,37.67264],[127.049,37.6721],[127.04897,37.67185],[127.04893,37.67123],[127.04893,37.6712],[127.04882,37.66909],[127.04889,37.66874],[127.04901,37.66807],[127.04928,37.6674],[127.04929,37.66737],[127.04967,37.66662],[127.04972,37.66656],[127.04976,37.6665],[127.04979,37.66646],[127.05006,37.66611],[127.05061,37.66531],[127.05085,37.66495],[127.05105,37.66457],[127.05113,37.66436],[127.05127,37.66398],[127.05132,37.66365],[127.05147,37.6618],[127.05155,37.66066],[127.05244,37.65816],[127.05418,37.65448],[127.05421,37.65302],[127.05422,37.65254],[127.05423,37.65214],[127.05423,37.65204],[127.05424,37.65195],[127.05429,37.65093],[127.05436,37.65041],[127.05441,37.65021],[127.05443,37.65011],[127.05453,37.64967],[127.05463,37.64947],[127.05482,37.6491],[127.05504,37.64867],[127.05521,37.64833],[127.05532,37.64796],[127.05547,37.64747],[127.05558,37.64711],[127.05589,37.64597],[127.05573,37.64531],[127.05507,37.64163],[127.05494,37.64076],[127.05437,37.64064],[127.05427,37.64064],[127.05419,37.64066],[127.05413,37.64067],[127.05401,37.64074],[127.05362,37.64104],[127.05338,37.64123],[127.05321,37.6414],[127.05289,37.64175],[127.05262,37.64209],[127.05233,37.6426],[127.05225,37.64279],[127.05126,37.64516],[127.05125,37.6452],[127.0506,37.64515],[127.048,37.6417],[127.04635,37.63916],[127.04551,37.63783],[127.0453,37.63749],[127.04501,37.63687],[127.04492,37.63596],[127.04492,37.63592],[127.04403,37.63362],[127.04394,37.63344],[127.04353,37.63308],[127.0429,37.6327],[127.04148,37.63128],[127.03848,37.63391],[127.03644,37.63689],[127.03609,37.63699]]]]},"properties":{"name":"도봉구","sgg":"11320","risk":30,"slope_mean":2.2,"slope_max":14.4,"exceed_ratio":0.127,"points":4098,"worst_lat":37.63872,"worst_lon":127.04476,"width_n":1404,"width_mean":3.8,"narrow_ratio":0.015,"surface_n":1650,"surface_top":"블록","slippery_ratio":0.767,"lat":37.67158,"lon":127.03119}},{"type":"Feature","geometry":{"type":"MultiPolygon","coordinates":[[[[127.04866,37.56987],[127.04218,37.57302],[127.03865,37.57296],[127.03798,37.5729],[127.03793,37.5729],[127.03653,37.57252],[127.03648,37.5725],[127.03637,37.57246],[127.03545,37.57213],[127.0351,37.57196],[127.03476,37.57175],[127.03231,37.57014],[127.03036,37.56982],[127.02337,37.57174],[127.02317,37.57804],[127.02447,37.5792],[127.0295,37.58272],[127.03168,37.58507],[127.03639,37.58992],[127.03649,37.59125],[127.03906,37.59127],[127.04075,37.5958],[127.04352,37.59691],[127.04765,37.59629],[127.04777,37.59666],[127.04816,37.59756],[127.05027,37.60111],[127.05101,37.60157],[127.05133,37.60163],[127.05203,37.59995],[127.05726,37.60125],[127.06005,37.6021],[127.06077,37.60357],[127.06167,37.60463],[127.06214,37.60514],[127.06233,37.60528],[127.06497,37.60587],[127.06625,37.60582],[127.0681,37.60651],[127.06873,37.60687],[127.06859,37.60932],[127.06887,37.60933],[127.06936,37.60933],[127.07172,37.60681],[127.07232,37.60466],[127.07244,37.60406],[127.0727,37.60279],[127.07272,37.60244],[127.07271,37.60227],[127.07265,37.60168],[127.07263,37.6016],[127.07261,37.60155],[127.07246,37.60111],[127.07199,37.60032],[127.0718,37.60007],[127.07162,37.59982],[127.06983,37.59775],[127.06963,37.59488],[127.07036,37.59248],[127.07072,37.59091],[127.07163,37.58795],[127.07368,37.58535],[127.07723,37.58098],[127.07832,37.57678],[127.07864,37.57263],[127.07858,37.57186],[127.0782,37.57094],[127.07778,37.57008],[127.07686,37.56844],[127.07585,37.56664],[127.0721,37.56005],[127.07071,37.56058],[127.06969,37.56075],[127.06892,37.56087],[127.06555,37.56135],[127.0655,37.56115],[127.06331,37.56148],[127.05939,37.56223],[127.05905,37.56231],[127.05871,37.56246],[127.0582,37.56272],[127.05814,37.56276],[127.05777,37.56302],[127.05684,37.56377],[127.04866,37.56987]]]]},"properties":{"name":"동대문구","sgg":"11230","risk":22,"slope_mean":1.7,"slope_max":18.6,"exceed_ratio":0.072,"points":9073,"worst_lat":37.59892,"worst_lon":127.05151,"width_n":4311,"width_mean":3.6,"narrow_ratio":0.066,"surface_n":4560,"surface_top":"블록","slippery_ratio":0.952,"lat":37.5854,"lon":127.05787}},{"type":"Feature","geometry":{"type":"MultiPolygon","coordinates":[[[[126.91324,37.48721],[126.91115,37.48647],[126.91042,37.48624],[126.91038,37.48623],[126.90923,37.48587],[126.90908,37.48582],[126.90899,37.48579],[126.90872,37.48571],[126.90777,37.48542],[126.90746,37.48535],[126.9067,37.48516],[126.90596,37.48499],[126.90561,37.48498],[126.90513,37.48497],[126.90323,37.48499],[126.90633,37.48893],[126.90945,37.49259],[126.91001,37.49321],[126.91029,37.49355],[126.91126,37.49505],[126.91171,37.49574],[126.91182,37.4959],[126.91201,37.49604],[126.91253,37.49639],[126.91277,37.49641],[126.91378,37.49653],[126.91424,37.49658],[126.91455,37.49662],[126.91504,37.49667],[126.91511,37.49668],[126.91523,37.4967],[126.9158,37.49681],[126.91603,37.49686],[126.91652,37.49696],[126.91837,37.49735],[126.91841,37.49736],[126.91936,37.49761],[126.91951,37.49765],[126.91968,37.49769],[126.91971,37.49772],[126.91973,37.49774],[126.91981,37.49782],[126.92019,37.4982],[126.92023,37.49851],[126.92083,37.5014],[126.92092,37.50159],[126.92109,37.50195],[126.92112,37.50201],[126.92115,37.50209],[126.92135,37.50257],[126.92153,37.50301],[126.92198,37.5041],[126.9221,37.50439],[126.92383,37.5087],[126.92529,37.5124],[126.9254,37.51265],[126.92576,37.51265],[126.92585,37.51266],[126.92589,37.51267],[126.92641,37.51274],[126.92644,37.51275],[126.92684,37.51289],[126.9271,37.513],[126.92706,37.51393],[126.92698,37.51397],[126.92516,37.5149],[126.92601,37.5161],[126.93215,37.51565],[126.93304,37.51576],[126.9394,37.51614],[126.94956,37.51781],[126.9572,37.51541],[126.96174,37.51283],[126.96585,37.51051],[126.97405,37.50733],[126.98013,37.50649],[126.9803,37.50484],[126.98032,37.504],[126.98033,37.50395],[126.98039,37.5036],[126.98045,37.50331],[126.9807,37.50274],[126.98115,37.50229],[126.9862,37.49904],[126.98695,37.49863],[126.98784,37.49861],[126.98775,37.49824],[126.98625,37.49858],[126.98477,37.49928],[126.98349,37.49755],[126.98344,37.49746],[126.98336,37.49733],[126.98324,37.49713],[126.98308,37.49676],[126.98304,37.49668],[126.98296,37.4965],[126.98292,37.49641],[126.9829,37.49635],[126.98278,37.49524],[126.98277,37.49504],[126.98276,37.49484],[126.98275,37.49429],[126.98274,37.4942],[126.98274,37.49398],[126.98265,37.49089],[126.98208,37.48539],[126.98207,37.48481],[126.98181,37.48059],[126.98161,37.47715],[126.98172,37.47636],[126.97939,37.47662],[126.97727,37.47658],[126.97692,37.47657],[126.97515,37.47631],[126.97494,37.47627],[126.97483,37.47626],[126.97345,37.47601],[126.9727,37.47587],[126.97237,37.47581],[126.97196,37.47572],[126.97152,37.47561],[126.97095,37.47548],[126.97049,37.47537],[126.97019,37.47663],[126.96977,37.47663],[126.96959,37.47664],[126.9688,37.47665],[126.96821,37.4773],[126.96782,37.47779],[126.96682,37.47858],[126.96589,37.47922],[126.96532,37.47956],[126.96444,37.48022],[126.96134,37.48349],[126.96138,37.48371],[126.96139,37.48376],[126.96139,37.48379],[126.96141,37.48382],[126.96215,37.48524],[126.96214,37.48647],[126.96207,37.48729],[126.96107,37.49113],[126.96125,37.49243],[126.96124,37.49256],[126.96121,37.49329],[126.9612,37.49339],[126.96035,37.49385],[126.96023,37.49389],[126.95913,37.49387],[126.95895,37.49379],[126.95868,37.49293],[126.95737,37.49181],[126.95732,37.49179],[126.95671,37.49155],[126.95628,37.49157],[126.95611,37.49158],[126.9548,37.49118],[126.95404,37.49104],[126.95346,37.49113],[126.9534,37.49116],[126.95125,37.49241],[126.94852,37.49368],[126.94768,37.49374],[126.94739,37.49391],[126.94339,37.49208],[126.94283,37.49224],[126.94165,37.49225],[126.93951,37.49088],[126.93915,37.49158],[126.93612,37.4924],[126.93345,37.49302],[126.93112,37.49342],[126.92987,37.494],[126.92918,37.49439],[126.92904,37.49447],[126.92892,37.49454],[126.92852,37.49477],[126.92848,37.49479],[126.9281,37.49494],[126.92804,37.49495],[126.92781,37.49498],[126.92772,37.49499],[126.9274,37.49495],[126.92737,37.49493],[126.92683,37.49437],[126.9266,37.49413],[126.92657,37.49406],[126.92655,37.49401],[126.92652,37.49393],[126.92583,37.49261],[126.92488,37.4909],[126.9243,37.48996],[126.91889,37.48956],[126.91597,37.48876],[126.91382,37.48753],[126.91332,37.48725],[126.91324,37.48721]]]]},"properties":{"name":"동작구","sgg":"11590","risk":48,"slope_mean":3.4,"slope_max":17.9,"exceed_ratio":0.23,"points":1922,"worst_lat":37.49418,"worst_lon":126.94147,"width_n":303,"width_mean":4.8,"narrow_ratio":0.043,"surface_n":383,"surface_top":"블록","slippery_ratio":0.833,"lat":37.49383,"lon":126.94463}},{"type":"Feature","geometry":{"type":"MultiPolygon","coordinates":[[[[126.90498,37.54132],[126.90218,37.54407],[126.90175,37.54513],[126.899,37.54792],[126.89063,37.55117],[126.88038,37.55618],[126.87203,37.56004],[126.86306,37.565],[126.8595,37.56733],[126.85517,37.56998],[126.85356,37.57181],[126.85412,37.57386],[126.85912,37.57486],[126.86172,37.57586],[126.86495,37.57584],[126.86664,37.57645],[126.86799,37.57739],[126.87335,37.57885],[126.87626,37.57896],[126.87708,37.5789],[126.87744,37.5794],[126.87752,37.57952],[126.87763,37.57975],[126.87747,37.58031],[126.87663,37.58156],[126.87667,37.58412],[126.87763,37.5862],[126.88029,37.58964],[126.88037,37.58971],[126.88049,37.58981],[126.88224,37.59094],[126.88325,37.59006],[126.88698,37.58686],[126.88744,37.58647],[126.88941,37.58482],[126.88965,37.58464],[126.88992,37.58444],[126.88997,37.58441],[126.89023,37.58424],[126.89218,37.58294],[126.89529,37.58146],[126.89623,37.58085],[126.89666,37.58049],[126.89791,37.57917],[126.8982,37.57826],[126.89859,37.57799],[126.90164,37.57592],[126.90282,37.57715],[126.90313,37.57689],[126.90161,37.57546],[126.90478,37.57339],[126.91181,37.57028],[126.91685,37.56789],[126.91774,37.56744],[126.92474,37.56573],[126.92513,37.56556],[126.92569,37.56529],[126.92582,37.56522],[126.92596,37.56514],[126.92614,37.56503],[126.9263,37.56492],[126.92682,37.56452],[126.92696,37.56442],[126.92825,37.56334],[126.92815,37.5632],[126.92812,37.56315],[126.92748,37.56223],[126.9272,37.56183],[126.92714,37.56175],[126.92668,37.56058],[126.92649,37.5592],[126.92663,37.55883],[126.92686,37.55874],[126.92701,37.55867],[126.92712,37.55863],[126.93,37.55756],[126.93511,37.55567],[126.93644,37.5552],[126.93673,37.55511],[126.93687,37.5551],[126.94025,37.55619],[126.94105,37.55644],[126.94469,37.55684],[126.9468,37.55696],[126.94681,37.55691],[126.94681,37.55685],[126.94885,37.55697],[126.95195,37.55713],[126.95201,37.55713],[126.95321,37.55722],[126.95432,37.5573],[126.95498,37.55743],[126.9553,37.55744],[126.95621,37.55746],[126.95684,37.55748],[126.95707,37.55748],[126.95849,37.55724],[126.95868,37.55684],[126.95871,37.55666],[126.96148,37.55885],[126.96304,37.55818],[126.96322,37.55715],[126.9631,37.55642],[126.96293,37.55623],[126.96205,37.55533],[126.96202,37.55534],[126.96198,37.55535],[126.96184,37.55541],[126.9617,37.55534],[126.96166,37.55334],[126.96171,37.55297],[126.96207,37.55208],[126.96214,37.55192],[126.96239,37.5515],[126.96394,37.5498],[126.96369,37.5489],[126.9632,37.54868],[126.96293,37.54878],[126.96162,37.5477],[126.95863,37.54558],[126.9578,37.5429],[126.9577,37.54208],[126.95651,37.5407],[126.9564,37.54058],[126.95384,37.53849],[126.95301,37.53785],[126.95301,37.53781],[126.95301,37.53767],[126.95299,37.53757],[126.95299,37.53752],[126.95297,37.53743],[126.95283,37.53728],[126.95223,37.5368],[126.95131,37.53629],[126.95113,37.53621],[126.95076,37.53612],[126.94942,37.53587],[126.94781,37.53562],[126.9464,37.53574],[126.94619,37.53565],[126.94605,37.5356],[126.94543,37.53519],[126.94508,37.53493],[126.94467,37.53375],[126.94121,37.53645],[126.93582,37.539],[126.93026,37.54132],[126.92763,37.53903],[126.92303,37.54059],[126.92244,37.54139],[126.9171,37.54142],[126.90498,37.54132]]]]},"properties":{"name":"마포구","sgg":"11440","risk":48,"slope_mean":3.4,"slope_max":18.0,"exceed_ratio":0.244,"points":8328,"worst_lat":37.57699,"worst_lon":126.87229,"width_n":1210,"width_mean":4.1,"narrow_ratio":0.012,"surface_n":1587,"surface_top":"블록","slippery_ratio":0.667,"lat":37.55976,"lon":126.924}},{"type":"Feature","geometry":{"type":"MultiPolygon","coordinates":[[[[126.94681,37.55685],[126.94681,37.55691],[126.9468,37.55696],[126.94469,37.55684],[126.94105,37.55644],[126.94025,37.55619],[126.93687,37.5551],[126.93673,37.55511],[126.93644,37.5552],[126.93511,37.55567],[126.93,37.55756],[126.92712,37.55863],[126.92701,37.55867],[126.92686,37.55874],[126.92663,37.55883],[126.92649,37.5592],[126.92668,37.56058],[126.92714,37.56175],[126.9272,37.56183],[126.92748,37.56223],[126.92812,37.56315],[126.92815,37.5632],[126.92825,37.56334],[126.92696,37.56442],[126.92682,37.56452],[126.9263,37.56492],[126.92614,37.56503],[126.92596,37.56514],[126.92582,37.56522],[126.92569,37.56529],[126.92513,37.56556],[126.92474,37.56573],[126.91774,37.56744],[126.91685,37.56789],[126.91181,37.57028],[126.90478,37.57339],[126.90161,37.57546],[126.90313,37.57689],[126.90629,37.58012],[126.90985,37.58347],[126.91233,37.58581],[126.91255,37.58602],[126.9127,37.58619],[126.91282,37.58634],[126.91297,37.58664],[126.91305,37.58682],[126.91308,37.58689],[126.91315,37.58703],[126.91544,37.58549],[126.91564,37.58412],[126.91583,37.58314],[126.91592,37.58314],[126.91612,37.58314],[126.91677,37.58324],[126.91891,37.58341],[126.91937,37.58338],[126.91968,37.58333],[126.92081,37.58291],[126.92302,37.585],[126.92282,37.58562],[126.92358,37.58615],[126.92594,37.58714],[126.92607,37.58717],[126.92654,37.58741],[126.92719,37.58776],[126.92739,37.5879],[126.92812,37.58838],[126.92812,37.58943],[126.92802,37.58972],[126.92788,37.59039],[126.92787,37.59045],[126.92811,37.59119],[126.92816,37.59134],[126.92822,37.59153],[126.92826,37.59165],[126.92842,37.59189],[126.92865,37.59226],[126.92927,37.59303],[126.93038,37.59424],[126.93066,37.59449],[126.93295,37.59603],[126.93366,37.5964],[126.93777,37.59775],[126.9386,37.59759],[126.93893,37.59769],[126.939,37.59771],[126.93934,37.59784],[126.94058,37.5986],[126.94068,37.59867],[126.94092,37.59908],[126.94103,37.59962],[126.94108,37.5999],[126.94121,37.60091],[126.9411,37.60111],[126.94017,37.60183],[126.94044,37.60286],[126.94227,37.60469],[126.94242,37.60482],[126.94249,37.60483],[126.94266,37.60484],[126.94334,37.60483],[126.94411,37.60483],[126.94472,37.60482],[126.94482,37.60482],[126.94492,37.60482],[126.9457,37.60582],[126.94599,37.60636],[126.94634,37.6071],[126.94722,37.6078],[126.94725,37.60778],[126.94745,37.60772],[126.94766,37.60768],[126.9478,37.60768],[126.94783,37.60769],[126.94787,37.6077],[126.94793,37.60773],[126.94797,37.60776],[126.94801,37.6078],[126.94803,37.60783],[126.94806,37.60786],[126.94813,37.6079],[126.9482,37.60792],[126.94827,37.60799],[126.94833,37.60799],[126.94839,37.60798],[126.94871,37.60804],[126.94878,37.60807],[126.94881,37.60807],[126.94899,37.60807],[126.94906,37.60806],[126.94911,37.60803],[126.94914,37.60797],[126.94917,37.60793],[126.94929,37.60778],[126.94936,37.60772],[126.94942,37.60769],[126.94946,37.60769],[126.94952,37.60769],[126.94975,37.60769],[126.94999,37.6077],[126.95005,37.60772],[126.9501,37.60774],[126.95034,37.60785],[126.95038,37.60788],[126.95074,37.60832],[126.95312,37.6056],[126.95338,37.60537],[126.95344,37.60517],[126.95354,37.60462],[126.95354,37.60457],[126.95354,37.60449],[126.95351,37.60427],[126.95326,37.6032],[126.9532,37.60301],[126.95308,37.60291],[126.95301,37.60287],[126.95288,37.60279],[126.9528,37.60269],[126.95278,37.60226],[126.95278,37.60221],[126.95277,37.60144],[126.95276,37.60128],[126.95275,37.60041],[126.95351,37.59912],[126.95383,37.59881],[126.95394,37.5987],[126.95397,37.59867],[126.95409,37.59855],[126.95552,37.59848],[126.95613,37.59846],[126.95613,37.59852],[126.95612,37.59855],[126.95621,37.5986],[126.95635,37.59866],[126.95673,37.59866],[126.95688,37.59863],[126.95697,37.59861],[126.95705,37.59855],[126.9571,37.59846],[126.95714,37.59839],[126.95715,37.59824],[126.95704,37.59791],[126.95698,37.59772],[126.95695,37.59762],[126.95661,37.59654],[126.9563,37.59566],[126.95631,37.59554],[126.95631,37.59548],[126.95633,37.59515],[126.9565,37.59471],[126.95677,37.59401],[126.95725,37.59314],[126.95751,37.59267],[126.95793,37.58879],[126.95747,37.5876],[126.95717,37.58647],[126.95689,37.58542],[126.9579,37.58381],[126.96067,37.5808],[126.95878,37.58162],[126.95827,37.5817],[126.95712,37.58162],[126.957,37.58158],[126.95646,37.58128],[126.95579,37.58073],[126.95577,37.58005],[126.95577,37.58002],[126.95575,37.5793],[126.95556,37.57909],[126.95546,37.57897],[126.95495,37.57893],[126.95481,37.57892],[126.95416,37.5789],[126.95356,37.57888],[126.95392,37.57849],[126.95957,37.57296],[126.9619,37.57065],[126.96581,37.56667],[126.96677,37.56579],[126.96959,37.56201],[126.9689,37.56186],[126.96808,37.56168],[126.96792,37.56164],[126.96738,37.5615],[126.9669,37.56131],[126.96661,37.56113],[126.96654,37.56108],[126.96619,37.56085],[126.96554,37.56038],[126.96524,37.56017],[126.96433,37.55965],[126.96418,37.55957],[126.96387,37.55941],[126.96376,37.55935],[126.96371,37.55934],[126.96366,37.55932],[126.96361,37.55931],[126.96207,37.55926],[126.96148,37.55885],[126.95871,37.55666],[126.95868,37.55684],[126.95849,37.55724],[126.95707,37.55748],[126.95684,37.55748],[126.95621,37.55746],[126.9553,37.55744],[126.95498,37.55743],[126.95432,37.5573],[126.95321,37.55722],[126.95201,37.55713],[126.95195,37.55713],[126.94885,37.55697],[126.94681,37.55685]]]]},"properties":{"name":"서대문구","sgg":"11410","risk":65,"slope_mean":4.5,"slope_max":19.3,"exceed_ratio":0.349,"points":5062,"worst_lat":37.58618,"worst_lon":126.92595,"width_n":1106,"width_mean":4.2,"narrow_ratio":0.014,"surface_n":1271,"surface_top":"블록","slippery_ratio":0.868,"lat":37.58587,"lon":126.94398}},{"type":"Feature","geometry":{"type":"MultiPolygon","coordinates":[[[[126.99696,37.4625],[126.99683,37.46218],[126.99176,37.45967],[126.98862,37.45814],[126.98764,37.4594],[126.98747,37.46041],[126.98764,37.4613],[126.98792,37.46224],[126.98802,37.46276],[126.98823,37.46387],[126.98816,37.46552],[126.98781,37.46641],[126.98759,37.46694],[126.98739,37.46719],[126.98713,37.46751],[126.98686,37.46785],[126.98671,37.46797],[126.98667,37.46801],[126.98543,37.46898],[126.98453,37.46974],[126.98378,37.4708],[126.98323,37.47157],[126.98265,37.47257],[126.98255,37.47274],[126.98254,37.47277],[126.98195,37.47442],[126.98186,37.4747],[126.98177,37.47583],[126.98172,37.47636],[126.98161,37.47715],[126.98181,37.48059],[126.98207,37.48481],[126.98208,37.48539],[126.98265,37.49089],[126.98274,37.49398],[126.98274,37.4942],[126.98275,37.49429],[126.98276,37.49484],[126.98277,37.49504],[126.98278,37.49524],[126.9829,37.49635],[126.98292,37.49641],[126.98296,37.4965],[126.98304,37.49668],[126.98308,37.49676],[126.98324,37.49713],[126.98336,37.49733],[126.98344,37.49746],[126.98349,37.49755],[126.98477,37.49928],[126.98625,37.49858],[126.98775,37.49824],[126.98784,37.49861],[126.98695,37.49863],[126.9862,37.49904],[126.98115,37.50229],[126.9807,37.50274],[126.98045,37.50331],[126.98039,37.5036],[126.98033,37.50395],[126.98032,37.504],[126.9803,37.50484],[126.98013,37.50649],[126.98073,37.50657],[126.98568,37.50663],[126.99062,37.51303],[126.99594,37.51574],[127.00039,37.51795],[127.00443,37.52026],[127.00797,37.52459],[127.01187,37.52784],[127.0146,37.52551],[127.01661,37.52338],[127.01707,37.52289],[127.0172,37.5227],[127.01761,37.52209],[127.01798,37.5213],[127.01828,37.52052],[127.01892,37.51857],[127.01903,37.51824],[127.01948,37.51634],[127.01944,37.51599],[127.01986,37.51504],[127.02131,37.51117],[127.02035,37.51081],[127.02137,37.51103],[127.02447,37.50457],[127.0245,37.50452],[127.02649,37.50037],[127.02764,37.49796],[127.03162,37.48954],[127.03378,37.4851],[127.03397,37.4848],[127.04135,37.48557],[127.04154,37.48509],[127.04394,37.47971],[127.04457,37.47819],[127.04469,37.47797],[127.04503,37.47729],[127.04915,37.47332],[127.05071,37.47182],[127.05106,37.47149],[127.05039,37.47104],[127.04958,37.47049],[127.05007,37.4701],[127.05381,37.46873],[127.05416,37.46863],[127.05453,37.46853],[127.05621,37.46839],[127.05675,37.46842],[127.06161,37.46896],[127.06216,37.46965],[127.06228,37.47023],[127.06253,37.47284],[127.06924,37.47389],[127.06976,37.47478],[127.07081,37.47483],[127.07265,37.4748],[127.07391,37.47286],[127.07594,37.4738],[127.07615,37.47399],[127.07716,37.47501],[127.07834,37.47486],[127.07904,37.47483],[127.07925,37.47483],[127.08035,37.47489],[127.08102,37.47517],[127.08163,37.47526],[127.08219,37.47533],[127.083,37.47539],[127.08387,37.47545],[127.08405,37.47544],[127.08516,37.47527],[127.08507,37.47494],[127.08449,37.47287],[127.0849,37.47211],[127.0852,37.47156],[127.08621,37.47036],[127.08876,37.46807],[127.09336,37.4644],[127.09404,37.46399],[127.09502,37.46366],[127.096,37.4625],[127.09609,37.46223],[127.09626,37.46164],[127.09632,37.46143],[127.09587,37.46106],[127.09541,37.46029],[127.09463,37.45878],[127.09495,37.45842],[127.09512,37.4583],[127.09428,37.45652],[127.09307,37.45482],[127.09214,37.45362],[127.09138,37.45331],[127.09096,37.45298],[127.09082,37.45283],[127.08969,37.4512],[127.08832,37.44864],[127.08819,37.44637],[127.08799,37.44506],[127.08565,37.44503],[127.08555,37.44499],[127.08543,37.44494],[127.08413,37.444],[127.08394,37.44382],[127.08323,37.44255],[127.08257,37.44146],[127.08231,37.4412],[127.08158,37.441],[127.08129,37.44098],[127.08122,37.44098],[127.081,37.44096],[127.07734,37.44181],[127.07708,37.44197],[127.07704,37.442],[127.07674,37.44218],[127.07633,37.44227],[127.07476,37.44242],[127.07242,37.44235],[127.07237,37.44233],[127.07215,37.44221],[127.07192,37.44209],[127.07179,37.44194],[127.07176,37.44192],[127.07168,37.44183],[127.07165,37.4418],[127.07166,37.4417],[127.07168,37.44156],[127.07197,37.44001],[127.07338,37.43934],[127.07263,37.43639],[127.07143,37.4352],[127.07092,37.43185],[127.07046,37.43006],[127.06935,37.43042],[127.06816,37.43058],[127.06675,37.43013],[127.06601,37.42959],[127.06578,37.42927],[127.0657,37.42915],[127.06569,37.42912],[127.06567,37.42901],[127.06553,37.42902],[127.06538,37.42904],[127.06467,37.42915],[127.06429,37.4292],[127.06316,37.42971],[127.06188,37.42983],[127.05797,37.43013],[127.05789,37.43014],[127.05459,37.42941],[127.05089,37.42965],[127.04987,37.43031],[127.04896,37.43055],[127.04747,37.43087],[127.04726,37.4319],[127.04724,37.43197],[127.04719,37.43207],[127.04709,37.43222],[127.04699,37.43232],[127.04696,37.43234],[127.04683,37.43248],[127.04674,37.43259],[127.04665,37.43272],[127.04661,37.43281],[127.04655,37.43293],[127.04649,37.4331],[127.04647,37.4332],[127.04643,37.43337],[127.04641,37.43342],[127.04639,37.43348],[127.04634,37.43355],[127.04628,37.43361],[127.04619,37.43366],[127.04616,37.43368],[127.04604,37.43372],[127.04559,37.43386],[127.04543,37.4339],[127.04539,37.43391],[127.04535,37.43393],[127.04523,37.43398],[127.04512,37.43403],[127.04505,37.43407],[127.04493,37.43414],[127.04486,37.43419],[127.04478,37.43426],[127.04472,37.4343],[127.04466,37.43436],[127.0446,37.43445],[127.04458,37.43448],[127.04454,37.43454],[127.0445,37.43465],[127.04447,37.4347],[127.04445,37.43477],[127.04444,37.43482],[127.04435,37.43503],[127.0443,37.43512],[127.04422,37.43523],[127.0441,37.43535],[127.04407,37.43539],[127.04371,37.43572],[127.04106,37.43811],[127.04097,37.43817],[127.04087,37.43821],[127.04052,37.43834],[127.04001,37.43848],[127.03991,37.4385],[127.03981,37.4385],[127.03971,37.43849],[127.03958,37.43847],[127.03902,37.43843],[127.03748,37.43847],[127.03739,37.43848],[127.03731,37.43849],[127.03717,37.43852],[127.03586,37.43916],[127.03584,37.43919],[127.0358,37.43927],[127.03547,37.44044],[127.03546,37.44049],[127.03545,37.44054],[127.03542,37.44074],[127.03541,37.44083],[127.03539,37.44099],[127.03539,37.44112],[127.03541,37.44117],[127.03652,37.4419],[127.0366,37.44195],[127.03665,37.44199],[127.03671,37.44203],[127.03676,37.44208],[127.03681,37.44215],[127.03757,37.44345],[127.038,37.44423],[127.03809,37.44441],[127.03815,37.44457],[127.03818,37.44463],[127.0382,37.4447],[127.03821,37.44473],[127.03832,37.44516],[127.03837,37.44546],[127.03837,37.44554],[127.03836,37.44565],[127.03789,37.44908],[127.03788,37.44914],[127.03583,37.45755],[127.03562,37.45751],[127.03548,37.45752],[127.03541,37.45753],[127.03516,37.45762],[127.03492,37.45787],[127.03378,37.46003],[127.03343,37.46108],[127.03401,37.46236],[127.03407,37.46248],[127.03437,37.46304],[127.03473,37.46385],[127.03458,37.46404],[127.03437,37.46419],[127.03407,37.46441],[127.03314,37.46502],[127.03272,37.46525],[127.03127,37.46578],[127.02986,37.46545],[127.03008,37.46418],[127.02999,37.4639],[127.02986,37.46345],[127.0261,37.45851],[127.0258,37.45836],[127.02469,37.45781],[127.02338,37.45728],[127.02262,37.45698],[127.02185,37.45668],[127.0216,37.45658],[127.02053,37.45617],[127.01786,37.45561],[127.01617,37.45537],[127.01106,37.45539],[127.00516,37.46306],[127.00417,37.46478],[127.00342,37.46726],[126.99975,37.46716],[126.99628,37.46672],[126.99646,37.4648],[126.99722,37.46394],[126.99716,37.46352],[126.99696,37.4625]]]]},"properties":{"name":"서초구","sgg":"11650","risk":34,"slope_mean":2.5,"slope_max":17.9,"exceed_ratio":0.155,"points":7176,"worst_lat":37.44033,"worst_lon":127.04959,"width_n":2117,"width_mean":4.2,"narrow_ratio":0.016,"surface_n":2206,"surface_top":"블록","slippery_ratio":0.857,"lat":37.46098,"lon":127.03803}},{"type":"Feature","geometry":{"type":"MultiPolygon","coordinates":[[[[127.02156,37.53553],[127.02092,37.53512],[127.01719,37.53742],[127.01576,37.53831],[127.01479,37.5389],[127.01289,37.53931],[127.01214,37.53919],[127.01213,37.53915],[127.01176,37.53904],[127.01153,37.53898],[127.00993,37.53937],[127.00947,37.53958],[127.00932,37.53968],[127.00834,37.54186],[127.00843,37.54286],[127.00858,37.54389],[127.00861,37.54398],[127.01068,37.54808],[127.01078,37.54809],[127.01081,37.5481],[127.01087,37.54812],[127.01148,37.54842],[127.01166,37.54851],[127.01321,37.54994],[127.01631,37.55301],[127.01741,37.55598],[127.01788,37.55657],[127.01792,37.5566],[127.018,37.55666],[127.01837,37.55687],[127.01859,37.55699],[127.01877,37.55707],[127.01891,37.55713],[127.01946,37.55734],[127.01937,37.5575],[127.02182,37.55771],[127.02286,37.55787],[127.02333,37.56074],[127.02349,37.56072],[127.02353,37.56073],[127.02627,37.56299],[127.0264,37.56321],[127.02648,37.56336],[127.0265,37.56339],[127.02659,37.56358],[127.02671,37.56388],[127.02676,37.56429],[127.02671,37.56499],[127.02362,37.56517],[127.0236,37.5658],[127.02337,37.57174],[127.03036,37.56982],[127.03231,37.57014],[127.03476,37.57175],[127.0351,37.57196],[127.03545,37.57213],[127.03637,37.57246],[127.03648,37.5725],[127.03653,37.57252],[127.03793,37.5729],[127.03798,37.5729],[127.03865,37.57296],[127.04218,37.57302],[127.04866,37.56987],[127.05684,37.56377],[127.05777,37.56302],[127.05814,37.56276],[127.0582,37.56272],[127.05871,37.56246],[127.05905,37.56231],[127.05939,37.56223],[127.06331,37.56148],[127.0655,37.56115],[127.06555,37.56135],[127.06892,37.56087],[127.06969,37.56075],[127.07071,37.56058],[127.0721,37.56005],[127.0737,37.55944],[127.0675,37.54831],[127.06394,37.54215],[127.06283,37.54019],[127.05657,37.5291],[127.04906,37.53255],[127.04667,37.534],[127.04031,37.5359],[127.0359,37.53584],[127.02156,37.53553]]]]},"properties":{"name":"성동구","sgg":"11200","risk":37,"slope_mean":2.6,"slope_max":18.9,"exceed_ratio":0.181,"points":6045,"worst_lat":37.54657,"worst_lon":127.03106,"width_n":1387,"width_mean":3.8,"narrow_ratio":0.038,"surface_n":1905,"surface_top":"블록","slippery_ratio":0.633,"lat":37.55496,"lon":127.03155}},{"type":"Feature","geometry":{"type":"MultiPolygon","coordinates":[[[[127.01801,37.57806],[127.0176,37.57969],[127.01679,37.58154],[127.01639,37.58184],[127.01607,37.58184],[127.01495,37.58213],[127.01469,37.58223],[127.01383,37.58171],[127.01312,37.58144],[127.0128,37.58132],[127.01216,37.58151],[127.01048,37.58034],[127.00997,37.58021],[127.00884,37.58045],[127.00733,37.5832],[127.00735,37.58336],[127.00715,37.58406],[127.00653,37.58613],[127.00593,37.58691],[127.00574,37.58694],[127.00561,37.58695],[127.00554,37.58696],[127.00512,37.58695],[127.0047,37.58699],[127.00461,37.587],[127.0043,37.58709],[127.00416,37.58729],[127.00418,37.58771],[127.00419,37.58777],[127.00419,37.58795],[127.00342,37.58836],[127.00243,37.58906],[127.00239,37.5891],[127.00234,37.58915],[127.00166,37.5901],[127.0017,37.5906],[127.00179,37.59086],[127.00191,37.59125],[127.00168,37.59175],[127.00158,37.59189],[127.00156,37.59192],[127.00094,37.59239],[127.00079,37.59245],[127.00062,37.59245],[126.99937,37.59237],[126.99897,37.59247],[126.99875,37.59252],[126.99853,37.59251],[126.98914,37.59131],[126.98908,37.59139],[126.98948,37.5918],[126.98911,37.59195],[126.98876,37.5921],[126.98753,37.59225],[126.98648,37.59251],[126.98576,37.59279],[126.98533,37.59301],[126.98529,37.59303],[126.98523,37.59306],[126.98468,37.59333],[126.98427,37.59358],[126.98401,37.59376],[126.98387,37.59385],[126.98337,37.59435],[126.98269,37.59507],[126.98265,37.5951],[126.98235,37.59545],[126.98219,37.59563],[126.98201,37.59584],[126.98157,37.59717],[126.98157,37.59804],[126.98157,37.59914],[126.98223,37.59928],[126.98267,37.59938],[126.98272,37.59939],[126.9829,37.59939],[126.98491,37.59944],[126.98637,37.60008],[126.98774,37.60122],[126.98659,37.60513],[126.98619,37.60628],[126.9859,37.60714],[126.98596,37.60811],[126.98597,37.60838],[126.986,37.6088],[126.98627,37.60994],[126.98677,37.6104],[126.98696,37.61057],[126.98707,37.61355],[126.9867,37.61468],[126.98534,37.61555],[126.98454,37.61587],[126.98398,37.6161],[126.98324,37.61632],[126.98281,37.61669],[126.98202,37.61871],[126.9818,37.61931],[126.98208,37.61992],[126.98137,37.62173],[126.98087,37.62275],[126.98017,37.62355],[126.97921,37.62457],[126.97944,37.62696],[126.97948,37.62716],[126.97967,37.62797],[126.98013,37.62835],[126.9805,37.62865],[126.98051,37.62905],[126.98009,37.62927],[126.97952,37.6292],[126.97821,37.62844],[126.97667,37.62884],[126.97635,37.62927],[126.97649,37.63009],[126.97507,37.63139],[126.97672,37.63263],[126.97854,37.63385],[126.98359,37.63645],[126.98366,37.63646],[126.98463,37.63656],[126.98495,37.63617],[126.98522,37.63586],[126.9856,37.63544],[126.98606,37.6352],[126.99182,37.63231],[126.99319,37.63203],[126.99325,37.63183],[126.99334,37.63152],[126.99404,37.62999],[126.9941,37.62992],[126.99416,37.6299],[126.99433,37.62983],[126.99455,37.62983],[126.99894,37.62688],[127.00174,37.62571],[127.00236,37.6256],[127.0029,37.62537],[127.0045,37.62444],[127.00644,37.62434],[127.00757,37.62403],[127.00788,37.62391],[127.00782,37.62332],[127.00765,37.6229],[127.00754,37.62265],[127.00748,37.62256],[127.00744,37.62251],[127.00741,37.62247],[127.00737,37.62244],[127.00751,37.62102],[127.00805,37.61937],[127.00849,37.61857],[127.00856,37.61856],[127.00944,37.61817],[127.01147,37.61642],[127.01475,37.61559],[127.01494,37.61542],[127.01525,37.61481],[127.01631,37.61496],[127.01764,37.61457],[127.01926,37.61375],[127.01979,37.61326],[127.02038,37.61262],[127.02048,37.61255],[127.02061,37.61252],[127.02067,37.6125],[127.02203,37.61229],[127.02223,37.61127],[127.02722,37.61256],[127.02998,37.61234],[127.03041,37.60914],[127.0371,37.61271],[127.03912,37.61631],[127.04019,37.61595],[127.04231,37.61747],[127.04304,37.618],[127.04391,37.61864],[127.04396,37.61868],[127.04455,37.61934],[127.04468,37.61949],[127.04473,37.61955],[127.04792,37.62322],[127.04999,37.62443],[127.05111,37.62325],[127.05217,37.62209],[127.05272,37.62153],[127.05335,37.6209],[127.05373,37.62058],[127.05384,37.62048],[127.05396,37.62038],[127.05421,37.62017],[127.05691,37.61812],[127.06061,37.61565],[127.06091,37.61495],[127.06123,37.61477],[127.06146,37.61465],[127.06152,37.61462],[127.06172,37.61452],[127.06201,37.61438],[127.06221,37.61433],[127.06242,37.61429],[127.06274,37.61431],[127.06289,37.61434],[127.06487,37.61422],[127.06594,37.61428],[127.06605,37.6143],[127.06775,37.61522],[127.06801,37.61544],[127.06801,37.61554],[127.06801,37.61557],[127.07119,37.61637],[127.0714,37.61563],[127.07146,37.61428],[127.07172,37.60681],[127.06936,37.60933],[127.06887,37.60933],[127.06859,37.60932],[127.06873,37.60687],[127.0681,37.60651],[127.06625,37.60582],[127.06497,37.60587],[127.06233,37.60528],[127.06214,37.60514],[127.06167,37.60463],[127.06077,37.60357],[127.06005,37.6021],[127.05726,37.60125],[127.05203,37.59995],[127.05133,37.60163],[127.05101,37.60157],[127.05027,37.60111],[127.04816,37.59756],[127.04777,37.59666],[127.04765,37.59629],[127.04352,37.59691],[127.04075,37.5958],[127.03906,37.59127],[127.03649,37.59125],[127.03639,37.58992],[127.03168,37.58507],[127.0295,37.58272],[127.02447,37.5792],[127.02317,37.57804],[127.02251,37.5781],[127.01875,37.57753],[127.01801,37.57806]]]]},"properties":{"name":"성북구","sgg":"11290","risk":57,"slope_mean":3.9,"slope_max":18.4,"exceed_ratio":0.32,"points":4466,"worst_lat":37.62523,"worst_lon":127.00313,"width_n":1099,"width_mean":3.9,"narrow_ratio":0.018,"surface_n":1223,"surface_top":"블록","slippery_ratio":0.875,"lat":37.60744,"lon":127.01405}},{"type":"Feature","geometry":{"type":"MultiPolygon","coordinates":[[[[127.10568,37.49141],[127.1048,37.49204],[127.10437,37.4923],[127.10365,37.49273],[127.10222,37.49353],[127.10212,37.49358],[127.10197,37.49364],[127.09674,37.49583],[127.09047,37.49747],[127.08363,37.49926],[127.07549,37.5012],[127.07318,37.50213],[127.07291,37.50232],[127.07266,37.5025],[127.07249,37.50262],[127.07121,37.50352],[127.07002,37.50478],[127.06999,37.50481],[127.06981,37.50504],[127.06971,37.50539],[127.06943,37.50645],[127.0688,37.51],[127.06846,37.51028],[127.06844,37.51143],[127.06838,37.51231],[127.06716,37.51998],[127.0665,37.52093],[127.06696,37.52508],[127.07258,37.52378],[127.07285,37.52371],[127.07695,37.52359],[127.07758,37.52358],[127.07989,37.52387],[127.08236,37.52418],[127.08342,37.52431],[127.08429,37.52442],[127.08559,37.52474],[127.08759,37.52525],[127.08852,37.52549],[127.09044,37.526],[127.09225,37.52679],[127.09812,37.52756],[127.09896,37.52795],[127.1032,37.53467],[127.10416,37.536],[127.10956,37.54347],[127.11712,37.54134],[127.11839,37.54096],[127.11843,37.54095],[127.1185,37.54093],[127.1186,37.54089],[127.11908,37.54071],[127.11952,37.54046],[127.1196,37.54041],[127.11979,37.54027],[127.12046,37.53981],[127.12142,37.53927],[127.12148,37.53923],[127.12161,37.53916],[127.12321,37.53853],[127.12243,37.53626],[127.12126,37.53311],[127.12072,37.53132],[127.11916,37.52807],[127.12874,37.52379],[127.13391,37.52154],[127.13942,37.51914],[127.14083,37.51851],[127.14321,37.51744],[127.14461,37.51696],[127.14488,37.5168],[127.14541,37.51649],[127.1454,37.51633],[127.1454,37.5161],[127.14466,37.51555],[127.14113,37.51564],[127.14329,37.51398],[127.14352,37.51269],[127.14258,37.51275],[127.14206,37.51279],[127.14113,37.51232],[127.14027,37.5099],[127.14025,37.50983],[127.13997,37.50859],[127.14023,37.50839],[127.14128,37.50694],[127.14116,37.50631],[127.14093,37.5057],[127.14104,37.50557],[127.14114,37.50545],[127.14301,37.50467],[127.1434,37.50452],[127.14356,37.50445],[127.14437,37.50439],[127.14506,37.50365],[127.14513,37.50359],[127.14524,37.5035],[127.1456,37.50343],[127.14605,37.50337],[127.14769,37.50327],[127.14864,37.50373],[127.14929,37.50407],[127.15012,37.50451],[127.15084,37.50411],[127.15167,37.50337],[127.1519,37.50315],[127.15206,37.50311],[127.15215,37.50309],[127.15263,37.50312],[127.15282,37.50306],[127.15301,37.50291],[127.15321,37.50275],[127.15347,37.50275],[127.1536,37.50275],[127.15372,37.50275],[127.15396,37.50276],[127.15415,37.50269],[127.15456,37.50255],[127.15532,37.50229],[127.15617,37.502],[127.15647,37.5019],[127.15665,37.50209],[127.15762,37.50309],[127.15787,37.50301],[127.16055,37.50115],[127.16138,37.50025],[127.16138,37.49983],[127.16138,37.49961],[127.16056,37.4977],[127.1601,37.49716],[127.16005,37.4946],[127.16005,37.49452],[127.16005,37.49445],[127.16003,37.49438],[127.15998,37.49422],[127.15981,37.49376],[127.15974,37.4936],[127.15842,37.4907],[127.1582,37.49046],[127.15768,37.49017],[127.1573,37.48963],[127.15764,37.48914],[127.15225,37.48625],[127.15196,37.48658],[127.14984,37.48527],[127.14874,37.48399],[127.14772,37.48175],[127.1474,37.47722],[127.14424,37.47732],[127.14419,37.47656],[127.1439,37.476],[127.14354,37.47525],[127.14345,37.4741],[127.13715,37.47434],[127.13259,37.47485],[127.13237,37.47123],[127.13229,37.47028],[127.13187,37.46973],[127.13268,37.46823],[127.13096,37.4677],[127.13056,37.46763],[127.12987,37.46791],[127.12873,37.46791],[127.12869,37.46793],[127.12863,37.46795],[127.1282,37.46814],[127.12659,37.46885],[127.12577,37.46921],[127.12507,37.4689],[127.12383,37.4663],[127.12229,37.46521],[127.12236,37.46545],[127.1224,37.4656],[127.12242,37.46586],[127.1223,37.46676],[127.12218,37.46752],[127.12151,37.46882],[127.12054,37.47038],[127.11961,37.47168],[127.1188,37.4728],[127.11459,37.47852],[127.1117,37.48244],[127.11109,37.48289],[127.11104,37.48294],[127.1111,37.48294],[127.11139,37.48305],[127.11174,37.48318],[127.11198,37.48332],[127.11218,37.48344],[127.11228,37.48354],[127.11156,37.48456],[127.11019,37.48688],[127.10814,37.48931],[127.10568,37.49141]]]]},"properties":{"name":"송파구","sgg":"11710","risk":13,"slope_mean":1.2,"slope_max":13.6,"exceed_ratio":0.006,"points":14228,"worst_lat":37.50045,"worst_lon":127.15881,"width_n":3267,"width_mean":4.7,"narrow_ratio":0.05,"surface_n":4435,"surface_top":"블록","slippery_ratio":0.654,"lat":37.50181,"lon":127.12516}},{"type":"Feature","geometry":{"type":"MultiPolygon","coordinates":[[[[126.85609,37.50947],[126.85507,37.50992],[126.85402,37.5103],[126.8529,37.51058],[126.85124,37.51003],[126.84718,37.50879],[126.84529,37.50787],[126.84454,37.50644],[126.84233,37.50489],[126.84062,37.50399],[126.83898,37.5029],[126.83838,37.50147],[126.83836,37.50014],[126.83689,37.50063],[126.83641,37.50065],[126.83646,37.50077],[126.83653,37.50097],[126.83642,37.50246],[126.83617,37.50304],[126.8357,37.50339],[126.83535,37.50348],[126.83434,37.50377],[126.83424,37.50383],[126.83388,37.50408],[126.83264,37.50503],[126.83064,37.50683],[126.83068,37.50757],[126.82697,37.50859],[126.82653,37.50875],[126.82627,37.50875],[126.82468,37.50833],[126.82397,37.50906],[126.82385,37.51096],[126.82447,37.51304],[126.82421,37.51435],[126.82332,37.51489],[126.82324,37.51618],[126.82449,37.51772],[126.82556,37.51985],[126.82558,37.52049],[126.82559,37.52197],[126.82522,37.52298],[126.82521,37.52303],[126.82523,37.5231],[126.82525,37.52315],[126.82592,37.52408],[126.82645,37.52496],[126.82815,37.5258],[126.82823,37.52621],[126.82881,37.52651],[126.82846,37.5267],[126.82786,37.52818],[126.82814,37.52903],[126.82709,37.5298],[126.82549,37.52982],[126.82474,37.53063],[126.82398,37.53179],[126.82345,37.53254],[126.82351,37.53377],[126.82274,37.53377],[126.82265,37.53419],[126.82182,37.53487],[126.8224,37.53649],[126.82231,37.53792],[126.82196,37.53887],[126.82183,37.53916],[126.82159,37.53972],[126.82215,37.54068],[126.82443,37.54138],[126.82541,37.54165],[126.82525,37.54215],[126.82613,37.54281],[126.826,37.54322],[126.82573,37.54394],[126.82593,37.5447],[126.8268,37.54578],[126.82713,37.54639],[126.82755,37.54706],[126.8276,37.54768],[126.82974,37.54767],[126.83035,37.54577],[126.82974,37.54407],[126.83022,37.54268],[126.83005,37.54243],[126.83008,37.54172],[126.83045,37.54175],[126.83069,37.54176],[126.83143,37.54178],[126.83314,37.54184],[126.83328,37.54143],[126.83333,37.54129],[126.83349,37.5408],[126.83378,37.53987],[126.83517,37.53691],[126.83473,37.53603],[126.84049,37.52654],[126.8489,37.5279],[126.85196,37.52828],[126.85849,37.52911],[126.86401,37.5298],[126.86349,37.5356],[126.86367,37.53928],[126.86294,37.54247],[126.86234,37.5436],[126.86233,37.54364],[126.86229,37.54374],[126.86216,37.54414],[126.86217,37.54448],[126.86219,37.54456],[126.86243,37.54543],[126.86254,37.54585],[126.86293,37.54702],[126.86428,37.55139],[126.86498,37.55093],[126.8707,37.54765],[126.87116,37.54749],[126.87177,37.54729],[126.87206,37.54721],[126.87242,37.54711],[126.873,37.54702],[126.87347,37.54697],[126.87402,37.54693],[126.87462,37.54694],[126.87489,37.54695],[126.87495,37.54695],[126.87501,37.54696],[126.87685,37.54706],[126.87737,37.54711],[126.87772,37.54715],[126.87781,37.54717],[126.87789,37.54718],[126.87814,37.54721],[126.87849,37.54731],[126.8794,37.54755],[126.87988,37.54767],[126.88071,37.54787],[126.88325,37.54556],[126.88516,37.54359],[126.88552,37.54184],[126.88832,37.5368],[126.89025,37.53467],[126.89003,37.53329],[126.8888,37.53283],[126.8888,37.53206],[126.89054,37.5315],[126.89004,37.53038],[126.88848,37.53072],[126.88761,37.52948],[126.88705,37.52878],[126.88696,37.52866],[126.88659,37.52831],[126.88631,37.52806],[126.88603,37.52793],[126.88535,37.52761],[126.88476,37.5274],[126.88173,37.52632],[126.88137,37.526],[126.88051,37.52523],[126.88049,37.52515],[126.88028,37.52436],[126.87982,37.5222],[126.87981,37.52138],[126.87947,37.51677],[126.87846,37.51428],[126.87348,37.50852],[126.87126,37.50563],[126.86964,37.5054],[126.86457,37.50501],[126.86353,37.50497],[126.86339,37.50508],[126.86317,37.50525],[126.86275,37.506],[126.86246,37.50669],[126.86011,37.50669],[126.85968,37.50739],[126.8596,37.50754],[126.85816,37.50995],[126.85609,37.50947]]]]},"properties":{"name":"양천구","sgg":"11470","risk":19,"slope_mean":1.5,"slope_max":9.6,"exceed_ratio":0.073,"points":5081,"worst_lat":37.51709,"worst_lon":126.82409,"width_n":1354,"width_mean":4.7,"narrow_ratio":0.013,"surface_n":1590,"surface_top":"블록","slippery_ratio":0.768,"lat":37.52823,"lon":126.85048}},{"type":"Feature","geometry":{"type":"MultiPolygon","coordinates":[[[[126.90276,37.48501],[126.90045,37.48567],[126.90028,37.48576],[126.89884,37.48659],[126.8986,37.48673],[126.8977,37.48748],[126.89756,37.4876],[126.89742,37.48776],[126.8954,37.49203],[126.89537,37.4921],[126.89455,37.49432],[126.89353,37.49772],[126.89345,37.49825],[126.89344,37.49841],[126.89333,37.50112],[126.89332,37.50118],[126.89331,37.50151],[126.89332,37.50202],[126.89333,37.50231],[126.89334,37.50252],[126.89334,37.50257],[126.8934,37.50313],[126.89369,37.50442],[126.89386,37.50748],[126.89514,37.50815],[126.89297,37.50946],[126.89175,37.50987],[126.89122,37.51066],[126.89119,37.5107],[126.8909,37.51108],[126.89079,37.5112],[126.89068,37.51133],[126.89045,37.51156],[126.89029,37.51167],[126.88963,37.51209],[126.88852,37.51266],[126.88173,37.51582],[126.87947,37.51677],[126.87981,37.52138],[126.87982,37.5222],[126.88028,37.52436],[126.88049,37.52515],[126.88051,37.52523],[126.88137,37.526],[126.88173,37.52632],[126.88476,37.5274],[126.88535,37.52761],[126.88603,37.52793],[126.88631,37.52806],[126.88659,37.52831],[126.88696,37.52866],[126.88705,37.52878],[126.88761,37.52948],[126.88848,37.53072],[126.89004,37.53038],[126.89054,37.5315],[126.8888,37.53206],[126.8888,37.53283],[126.89003,37.53329],[126.89025,37.53467],[126.88832,37.5368],[126.88552,37.54184],[126.88516,37.54359],[126.88325,37.54556],[126.88071,37.54787],[126.87814,37.55155],[126.87799,37.55343],[126.8792,37.5532],[126.87932,37.55483],[126.88038,37.55618],[126.89063,37.55117],[126.899,37.54792],[126.90175,37.54513],[126.90218,37.54407],[126.90498,37.54132],[126.9171,37.54142],[126.92244,37.54139],[126.92303,37.54059],[126.92763,37.53903],[126.93026,37.54132],[126.93582,37.539],[126.94121,37.53645],[126.94467,37.53375],[126.94864,37.52855],[126.94965,37.52676],[126.94962,37.52116],[126.94956,37.51781],[126.9394,37.51614],[126.93304,37.51576],[126.93215,37.51565],[126.92601,37.5161],[126.92516,37.5149],[126.92698,37.51397],[126.92706,37.51393],[126.9271,37.513],[126.92684,37.51289],[126.92644,37.51275],[126.92641,37.51274],[126.92589,37.51267],[126.92585,37.51266],[126.92576,37.51265],[126.9254,37.51265],[126.92529,37.5124],[126.92383,37.5087],[126.9221,37.50439],[126.92198,37.5041],[126.92153,37.50301],[126.92135,37.50257],[126.92115,37.50209],[126.92112,37.50201],[126.92109,37.50195],[126.92092,37.50159],[126.92083,37.5014],[126.92023,37.49851],[126.92019,37.4982],[126.91981,37.49782],[126.91973,37.49774],[126.91971,37.49772],[126.91968,37.49769],[126.91951,37.49765],[126.91936,37.49761],[126.91841,37.49736],[126.91837,37.49735],[126.91652,37.49696],[126.91603,37.49686],[126.9158,37.49681],[126.91523,37.4967],[126.91511,37.49668],[126.91504,37.49667],[126.91455,37.49662],[126.91424,37.49658],[126.91378,37.49653],[126.91277,37.49641],[126.91253,37.49639],[126.91201,37.49604],[126.91182,37.4959],[126.91171,37.49574],[126.91126,37.49505],[126.91029,37.49355],[126.91001,37.49321],[126.90945,37.49259],[126.90633,37.48893],[126.90323,37.48499],[126.90299,37.48499],[126.90291,37.48499],[126.90276,37.48501]]]]},"properties":{"name":"영등포구","sgg":"11560","risk":8,"slope_mean":0.8,"slope_max":4.5,"exceed_ratio":0.0,"points":7319,"worst_lat":37.54814,"worst_lon":126.88113,"width_n":2417,"width_mean":4.3,"narrow_ratio":0.005,"surface_n":3264,"surface_top":"블록","slippery_ratio":0.711,"lat":37.51291,"lon":126.90547}},{"type":"Feature","geometry":{"type":"MultiPolygon","coordinates":[[[[126.98013,37.50649],[126.97405,37.50733],[126.96585,37.51051],[126.96174,37.51283],[126.9572,37.51541],[126.94956,37.51781],[126.94962,37.52116],[126.94965,37.52676],[126.94864,37.52855],[126.94467,37.53375],[126.94508,37.53493],[126.94543,37.53519],[126.94605,37.5356],[126.94619,37.53565],[126.9464,37.53574],[126.94781,37.53562],[126.94942,37.53587],[126.95076,37.53612],[126.95113,37.53621],[126.95131,37.53629],[126.95223,37.5368],[126.95283,37.53728],[126.95297,37.53743],[126.95299,37.53752],[126.95299,37.53757],[126.95301,37.53767],[126.95301,37.53781],[126.95301,37.53785],[126.95384,37.53849],[126.9564,37.54058],[126.95651,37.5407],[126.9577,37.54208],[126.9578,37.5429],[126.95863,37.54558],[126.96162,37.5477],[126.96293,37.54878],[126.9632,37.54868],[126.96369,37.5489],[126.96394,37.5498],[126.96239,37.5515],[126.96485,37.55349],[126.9652,37.55375],[126.96572,37.55411],[126.96849,37.55538],[126.96907,37.5539],[126.97236,37.55439],[126.97666,37.55271],[126.97649,37.55313],[126.9765,37.55324],[126.97655,37.55447],[126.97656,37.55461],[126.97658,37.55486],[126.97663,37.55496],[126.97673,37.55503],[126.97693,37.55506],[126.97696,37.55505],[126.97705,37.55502],[126.97715,37.55498],[126.97841,37.55427],[126.97983,37.55342],[126.98084,37.55393],[126.98148,37.55392],[126.98257,37.5536],[126.98307,37.5534],[126.98374,37.55304],[126.98415,37.55307],[126.98447,37.55309],[126.98488,37.5533],[126.98543,37.55374],[126.98781,37.55149],[126.99236,37.55009],[126.99319,37.54906],[126.99532,37.54724],[126.99774,37.54936],[126.99852,37.54993],[126.99886,37.54991],[126.9991,37.54989],[126.99937,37.54979],[126.99981,37.54962],[126.99987,37.54959],[126.99995,37.54956],[127.00022,37.54951],[127.00025,37.54951],[127.00268,37.5496],[127.00389,37.5502],[127.00423,37.55038],[127.0044,37.54966],[127.00438,37.54956],[127.00439,37.54919],[127.00447,37.54897],[127.00463,37.54856],[127.00472,37.54835],[127.00532,37.5483],[127.00542,37.54829],[127.00554,37.54827],[127.00574,37.54823],[127.00578,37.54823],[127.00589,37.5482],[127.00531,37.54781],[127.00531,37.54777],[127.00531,37.54774],[127.00531,37.54771],[127.00484,37.54618],[127.00726,37.54381],[127.00861,37.54398],[127.00858,37.54389],[127.00843,37.54286],[127.00834,37.54186],[127.00932,37.53968],[127.00947,37.53958],[127.00993,37.53937],[127.01153,37.53898],[127.01176,37.53904],[127.01213,37.53915],[127.01214,37.53919],[127.01289,37.53931],[127.01479,37.5389],[127.01576,37.53831],[127.01719,37.53742],[127.02092,37.53512],[127.02018,37.53464],[127.02006,37.53456],[127.01951,37.53411],[127.01822,37.53302],[127.01704,37.53203],[127.01637,37.53147],[127.01546,37.5307],[127.01261,37.52831],[127.01187,37.52784],[127.00797,37.52459],[127.00443,37.52026],[127.00039,37.51795],[126.99594,37.51574],[126.99062,37.51303],[126.98568,37.50663],[126.98073,37.50657],[126.98013,37.50649]]]]},"properties":{"name":"용산구","sgg":"11170","risk":47,"slope_mean":3.4,"slope_max":18.9,"exceed_ratio":0.23,"points":3376,"worst_lat":37.54524,"worst_lon":126.99413,"width_n":619,"width_mean":4.7,"narrow_ratio":0.019,"surface_n":739,"surface_top":"블록","slippery_ratio":0.759,"lat":37.54157,"lon":126.98463}},{"type":"Feature","geometry":{"type":"MultiPolygon","coordinates":[[[[126.91297,37.58664],[126.91282,37.58634],[126.9127,37.58619],[126.91255,37.58602],[126.91233,37.58581],[126.90985,37.58347],[126.90629,37.58012],[126.90313,37.57689],[126.90282,37.57715],[126.90164,37.57592],[126.89859,37.57799],[126.8982,37.57826],[126.89791,37.57917],[126.89666,37.58049],[126.89623,37.58085],[126.89529,37.58146],[126.89218,37.58294],[126.89023,37.58424],[126.88997,37.58441],[126.88992,37.58444],[126.88965,37.58464],[126.88941,37.58482],[126.88744,37.58647],[126.88698,37.58686],[126.88325,37.59006],[126.88224,37.59094],[126.88338,37.59172],[126.88393,37.59218],[126.88412,37.59241],[126.88432,37.59267],[126.88482,37.59339],[126.88658,37.59384],[126.88622,37.59233],[126.88544,37.59109],[126.88581,37.59008],[126.88632,37.58943],[126.88726,37.58859],[126.88741,37.58858],[126.8914,37.58846],[126.89696,37.58862],[126.89984,37.58987],[126.89978,37.58997],[126.89958,37.59046],[126.89901,37.59259],[126.89899,37.59266],[126.89933,37.59324],[126.89995,37.59377],[126.90056,37.5943],[126.90136,37.59618],[126.90142,37.59827],[126.90149,37.59937],[126.90123,37.60012],[126.90087,37.60077],[126.90072,37.601],[126.90048,37.60131],[126.90023,37.60203],[126.90026,37.60315],[126.90208,37.60382],[126.90171,37.60573],[126.90221,37.60709],[126.90198,37.60939],[126.90187,37.61],[126.90121,37.61233],[126.90115,37.61237],[126.90103,37.61246],[126.90189,37.61559],[126.90339,37.6188],[126.90524,37.6195],[126.9052,37.62002],[126.90644,37.62403],[126.9066,37.6242],[126.90709,37.62475],[126.90794,37.62539],[126.90881,37.62905],[126.90742,37.63022],[126.90717,37.63058],[126.90665,37.63173],[126.90663,37.63178],[126.90655,37.63205],[126.90653,37.63252],[126.90723,37.63319],[126.90726,37.63321],[126.90732,37.63327],[126.90748,37.63341],[126.90917,37.63478],[126.90982,37.63511],[126.91023,37.63867],[126.91082,37.64016],[126.91171,37.64102],[126.9121,37.64126],[126.9123,37.64143],[126.91247,37.64169],[126.91247,37.6418],[126.91223,37.64438],[126.90758,37.64649],[126.90527,37.64891],[126.90777,37.64763],[126.91118,37.6458],[126.91237,37.64525],[126.91287,37.64506],[126.91389,37.64471],[126.91419,37.64468],[126.92127,37.64556],[126.92153,37.64564],[126.92209,37.64582],[126.92217,37.64585],[126.92243,37.64594],[126.92336,37.64634],[126.92454,37.64696],[126.92514,37.64729],[126.92522,37.64734],[126.92542,37.64744],[126.9255,37.6475],[126.92567,37.64762],[126.92599,37.64786],[126.92691,37.64853],[126.92794,37.64929],[126.92851,37.6497],[126.92861,37.64977],[126.9287,37.64983],[126.92889,37.64996],[126.92974,37.6504],[126.93039,37.65056],[126.9312,37.65063],[126.93127,37.65062],[126.93449,37.65056],[126.93473,37.65064],[126.93519,37.65089],[126.93704,37.65193],[126.9385,37.65416],[126.93859,37.65442],[126.93897,37.65495],[126.93926,37.65534],[126.93938,37.6555],[126.94039,37.65663],[126.94103,37.65706],[126.94119,37.65715],[126.94255,37.65779],[126.94282,37.65788],[126.94362,37.65815],[126.94632,37.65887],[126.94653,37.65891],[126.94708,37.65899],[126.94731,37.65893],[126.94742,37.65874],[126.94743,37.65871],[126.94745,37.65868],[126.94759,37.65835],[126.94879,37.65696],[126.95116,37.65501],[126.95119,37.65499],[126.95125,37.65495],[126.95207,37.65476],[126.95233,37.65473],[126.95236,37.65473],[126.95258,37.65472],[126.95355,37.65502],[126.95462,37.65475],[126.95634,37.65307],[126.95677,37.65265],[126.95975,37.64846],[126.96173,37.64516],[126.96442,37.64307],[126.96476,37.64295],[126.96501,37.64276],[126.96829,37.63932],[126.96882,37.63868],[126.96886,37.63842],[126.96879,37.63705],[126.96876,37.63698],[126.97087,37.63299],[126.97179,37.63229],[126.9702,37.63086],[126.96925,37.63022],[126.96882,37.6301],[126.96834,37.62999],[126.96763,37.62981],[126.96234,37.62885],[126.95954,37.62848],[126.95748,37.62617],[126.95675,37.62537],[126.95318,37.62517],[126.95235,37.62489],[126.95217,37.62482],[126.95172,37.62433],[126.95124,37.62279],[126.95033,37.61836],[126.9504,37.61613],[126.95069,37.61489],[126.95094,37.61236],[126.95085,37.6118],[126.95063,37.61096],[126.94998,37.60971],[126.95038,37.60788],[126.95034,37.60785],[126.9501,37.60774],[126.95005,37.60772],[126.94999,37.6077],[126.94975,37.60769],[126.94952,37.60769],[126.94946,37.60769],[126.94942,37.60769],[126.94936,37.60772],[126.94929,37.60778],[126.94917,37.60793],[126.94914,37.60797],[126.94911,37.60803],[126.94906,37.60806],[126.94899,37.60807],[126.94881,37.60807],[126.94878,37.60807],[126.94871,37.60804],[126.94839,37.60798],[126.94833,37.60799],[126.94827,37.60799],[126.9482,37.60792],[126.94813,37.6079],[126.94806,37.60786],[126.94803,37.60783],[126.94801,37.6078],[126.94797,37.60776],[126.94793,37.60773],[126.94787,37.6077],[126.94783,37.60769],[126.9478,37.60768],[126.94766,37.60768],[126.94745,37.60772],[126.94725,37.60778],[126.94722,37.6078],[126.94634,37.6071],[126.94599,37.60636],[126.9457,37.60582],[126.94492,37.60482],[126.94482,37.60482],[126.94472,37.60482],[126.94411,37.60483],[126.94334,37.60483],[126.94266,37.60484],[126.94249,37.60483],[126.94242,37.60482],[126.94227,37.60469],[126.94044,37.60286],[126.94017,37.60183],[126.9411,37.60111],[126.94121,37.60091],[126.94108,37.5999],[126.94103,37.59962],[126.94092,37.59908],[126.94068,37.59867],[126.94058,37.5986],[126.93934,37.59784],[126.939,37.59771],[126.93893,37.59769],[126.9386,37.59759],[126.93777,37.59775],[126.93366,37.5964],[126.93295,37.59603],[126.93066,37.59449],[126.93038,37.59424],[126.92927,37.59303],[126.92865,37.59226],[126.92842,37.59189],[126.92826,37.59165],[126.92822,37.59153],[126.92816,37.59134],[126.92811,37.59119],[126.92787,37.59045],[126.92788,37.59039],[126.92802,37.58972],[126.92812,37.58943],[126.92812,37.58838],[126.92739,37.5879],[126.92719,37.58776],[126.92654,37.58741],[126.92607,37.58717],[126.92594,37.58714],[126.92358,37.58615],[126.92282,37.58562],[126.92302,37.585],[126.92081,37.58291],[126.91968,37.58333],[126.91937,37.58338],[126.91891,37.58341],[126.91677,37.58324],[126.91612,37.58314],[126.91592,37.58314],[126.91583,37.58314],[126.91564,37.58412],[126.91544,37.58549],[126.91315,37.58703],[126.91308,37.58689],[126.91305,37.58682],[126.91297,37.58664]]]]},"properties":{"name":"은평구","sgg":"11380","risk":49,"slope_mean":3.4,"slope_max":19.6,"exceed_ratio":0.263,"points":6246,"worst_lat":37.58992,"worst_lon":126.92508,"width_n":1757,"width_mean":4.2,"narrow_ratio":0.023,"surface_n":2684,"surface_top":"블록","slippery_ratio":0.722,"lat":37.61582,"lon":126.92745}},{"type":"Feature","geometry":{"type":"MultiPolygon","coordinates":[[[[126.9673,37.56647],[126.96719,37.56636],[126.96713,37.5663],[126.96719,37.56626],[126.96677,37.56579],[126.96581,37.56667],[126.9619,37.57065],[126.95957,37.57296],[126.95392,37.57849],[126.95356,37.57888],[126.95416,37.5789],[126.95481,37.57892],[126.95495,37.57893],[126.95546,37.57897],[126.95556,37.57909],[126.95575,37.5793],[126.95577,37.58002],[126.95577,37.58005],[126.95579,37.58073],[126.95646,37.58128],[126.957,37.58158],[126.95712,37.58162],[126.95827,37.5817],[126.95878,37.58162],[126.96067,37.5808],[126.9579,37.58381],[126.95689,37.58542],[126.95717,37.58647],[126.95747,37.5876],[126.95793,37.58879],[126.95751,37.59267],[126.95725,37.59314],[126.95677,37.59401],[126.9565,37.59471],[126.95633,37.59515],[126.95631,37.59548],[126.95631,37.59554],[126.9563,37.59566],[126.95661,37.59654],[126.95695,37.59762],[126.95698,37.59772],[126.95704,37.59791],[126.95715,37.59824],[126.95714,37.59839],[126.9571,37.59846],[126.95705,37.59855],[126.95697,37.59861],[126.95688,37.59863],[126.95673,37.59866],[126.95635,37.59866],[126.95621,37.5986],[126.95612,37.59855],[126.95613,37.59852],[126.95613,37.59846],[126.95552,37.59848],[126.95409,37.59855],[126.95397,37.59867],[126.95394,37.5987],[126.95383,37.59881],[126.95351,37.59912],[126.95275,37.60041],[126.95276,37.60128],[126.95277,37.60144],[126.95278,37.60221],[126.95278,37.60226],[126.9528,37.60269],[126.95288,37.60279],[126.95301,37.60287],[126.95308,37.60291],[126.9532,37.60301],[126.95326,37.6032],[126.95351,37.60427],[126.95354,37.60449],[126.95354,37.60457],[126.95354,37.60462],[126.95344,37.60517],[126.95338,37.60537],[126.95312,37.6056],[126.95074,37.60832],[126.95038,37.60788],[126.94998,37.60971],[126.95063,37.61096],[126.95085,37.6118],[126.95094,37.61236],[126.95069,37.61489],[126.9504,37.61613],[126.95033,37.61836],[126.95124,37.62279],[126.95172,37.62433],[126.95217,37.62482],[126.95235,37.62489],[126.95318,37.62517],[126.95675,37.62537],[126.95748,37.62617],[126.95954,37.62848],[126.96234,37.62885],[126.96763,37.62981],[126.96834,37.62999],[126.96882,37.6301],[126.96925,37.63022],[126.9702,37.63086],[126.97179,37.63229],[126.97507,37.63139],[126.97649,37.63009],[126.97635,37.62927],[126.97667,37.62884],[126.97821,37.62844],[126.97952,37.6292],[126.98009,37.62927],[126.98051,37.62905],[126.9805,37.62865],[126.98013,37.62835],[126.97967,37.62797],[126.97948,37.62716],[126.97944,37.62696],[126.97921,37.62457],[126.98017,37.62355],[126.98087,37.62275],[126.98137,37.62173],[126.98208,37.61992],[126.9818,37.61931],[126.98202,37.61871],[126.98281,37.61669],[126.98324,37.61632],[126.98398,37.6161],[126.98454,37.61587],[126.98534,37.61555],[126.9867,37.61468],[126.98707,37.61355],[126.98696,37.61057],[126.98677,37.6104],[126.98627,37.60994],[126.986,37.6088],[126.98597,37.60838],[126.98596,37.60811],[126.9859,37.60714],[126.98619,37.60628],[126.98659,37.60513],[126.98774,37.60122],[126.98637,37.60008],[126.98491,37.59944],[126.9829,37.59939],[126.98272,37.59939],[126.98267,37.59938],[126.98223,37.59928],[126.98157,37.59914],[126.98157,37.59804],[126.98157,37.59717],[126.98201,37.59584],[126.98219,37.59563],[126.98235,37.59545],[126.98265,37.5951],[126.98269,37.59507],[126.98337,37.59435],[126.98387,37.59385],[126.98401,37.59376],[126.98427,37.59358],[126.98468,37.59333],[126.98523,37.59306],[126.98529,37.59303],[126.98533,37.59301],[126.98576,37.59279],[126.98648,37.59251],[126.98753,37.59225],[126.98876,37.5921],[126.98911,37.59195],[126.98948,37.5918],[126.98908,37.59139],[126.98914,37.59131],[126.99853,37.59251],[126.99875,37.59252],[126.99897,37.59247],[126.99937,37.59237],[127.00062,37.59245],[127.00079,37.59245],[127.00094,37.59239],[127.00156,37.59192],[127.00158,37.59189],[127.00168,37.59175],[127.00191,37.59125],[127.00179,37.59086],[127.0017,37.5906],[127.00166,37.5901],[127.00234,37.58915],[127.00239,37.5891],[127.00243,37.58906],[127.00342,37.58836],[127.00419,37.58795],[127.00419,37.58777],[127.00418,37.58771],[127.00416,37.58729],[127.0043,37.58709],[127.00461,37.587],[127.0047,37.58699],[127.00512,37.58695],[127.00554,37.58696],[127.00561,37.58695],[127.00574,37.58694],[127.00593,37.58691],[127.00653,37.58613],[127.00715,37.58406],[127.00735,37.58336],[127.00733,37.5832],[127.00884,37.58045],[127.00997,37.58021],[127.01048,37.58034],[127.01216,37.58151],[127.0128,37.58132],[127.01312,37.58144],[127.01383,37.58171],[127.01469,37.58223],[127.01495,37.58213],[127.01607,37.58184],[127.01639,37.58184],[127.01679,37.58154],[127.0176,37.57969],[127.01801,37.57806],[127.01875,37.57753],[127.02251,37.5781],[127.02317,37.57804],[127.02337,37.57174],[127.01882,37.57098],[127.01751,37.57029],[127.01728,37.5702],[127.01714,37.57015],[127.017,37.5701],[127.01687,37.57006],[127.01674,37.57002],[127.01664,37.56999],[127.01638,37.56991],[127.01618,37.56986],[127.01601,37.56982],[127.01587,37.56982],[127.01576,37.56981],[127.01567,37.56981],[127.01538,37.56981],[127.01162,37.56978],[127.01129,37.56978],[127.0101,37.56978],[127.00959,37.56978],[127.00668,37.56965],[127.00162,37.56959],[126.99835,37.56895],[126.9983,37.56894],[126.99792,37.56889],[126.99698,37.56875],[126.9968,37.56872],[126.9967,37.56871],[126.99087,37.56824],[126.99059,37.56822],[126.98952,37.56815],[126.9889,37.56811],[126.98686,37.5682],[126.98679,37.5682],[126.9866,37.56821],[126.98572,37.56838],[126.98442,37.56862],[126.98397,37.56869],[126.98273,37.56889],[126.98269,37.56889],[126.9778,37.56925],[126.97758,37.56924],[126.97703,37.56919],[126.97597,37.56934],[126.97537,37.56932],[126.97433,37.56926],[126.96905,37.56819],[126.96801,37.56718],[126.96793,37.5671],[126.96734,37.5665],[126.9673,37.56647]]]]},"properties":{"name":"종로구","sgg":"11110","risk":43,"slope_mean":3.0,"slope_max":17.4,"exceed_ratio":0.212,"points":5403,"worst_lat":37.58024,"worst_lon":127.00715,"width_n":647,"width_mean":5.3,"narrow_ratio":0.019,"surface_n":748,"surface_top":"블록","slippery_ratio":0.864,"lat":37.59306,"lon":126.98035}},{"type":"Feature","geometry":{"type":"MultiPolygon","coordinates":[[[[127.00389,37.5502],[127.00268,37.5496],[127.00025,37.54951],[127.00022,37.54951],[126.99995,37.54956],[126.99987,37.54959],[126.99981,37.54962],[126.99937,37.54979],[126.9991,37.54989],[126.99886,37.54991],[126.99852,37.54993],[126.99774,37.54936],[126.99532,37.54724],[126.99319,37.54906],[126.99236,37.55009],[126.98781,37.55149],[126.98543,37.55374],[126.98488,37.5533],[126.98447,37.55309],[126.98415,37.55307],[126.98374,37.55304],[126.98307,37.5534],[126.98257,37.5536],[126.98148,37.55392],[126.98084,37.55393],[126.97983,37.55342],[126.97841,37.55427],[126.97715,37.55498],[126.97705,37.55502],[126.97696,37.55505],[126.97693,37.55506],[126.97673,37.55503],[126.97663,37.55496],[126.97658,37.55486],[126.97656,37.55461],[126.97655,37.55447],[126.9765,37.55324],[126.97649,37.55313],[126.97666,37.55271],[126.97236,37.55439],[126.96907,37.5539],[126.96849,37.55538],[126.96572,37.55411],[126.9652,37.55375],[126.96485,37.55349],[126.96239,37.5515],[126.96214,37.55192],[126.96207,37.55208],[126.96171,37.55297],[126.96166,37.55334],[126.9617,37.55534],[126.96184,37.55541],[126.96198,37.55535],[126.96202,37.55534],[126.96205,37.55533],[126.96293,37.55623],[126.9631,37.55642],[126.96322,37.55715],[126.96304,37.55818],[126.96148,37.55885],[126.96207,37.55926],[126.96361,37.55931],[126.96366,37.55932],[126.96371,37.55934],[126.96376,37.55935],[126.96387,37.55941],[126.96418,37.55957],[126.96433,37.55965],[126.96524,37.56017],[126.96554,37.56038],[126.96619,37.56085],[126.96654,37.56108],[126.96661,37.56113],[126.9669,37.56131],[126.96738,37.5615],[126.96792,37.56164],[126.96808,37.56168],[126.9689,37.56186],[126.96959,37.56201],[126.96677,37.56579],[126.96719,37.56626],[126.96713,37.5663],[126.96719,37.56636],[126.9673,37.56647],[126.96734,37.5665],[126.96793,37.5671],[126.96801,37.56718],[126.96905,37.56819],[126.97433,37.56926],[126.97537,37.56932],[126.97597,37.56934],[126.97703,37.56919],[126.97758,37.56924],[126.9778,37.56925],[126.98269,37.56889],[126.98273,37.56889],[126.98397,37.56869],[126.98442,37.56862],[126.98572,37.56838],[126.9866,37.56821],[126.98679,37.5682],[126.98686,37.5682],[126.9889,37.56811],[126.98952,37.56815],[126.99059,37.56822],[126.99087,37.56824],[126.9967,37.56871],[126.9968,37.56872],[126.99698,37.56875],[126.99792,37.56889],[126.9983,37.56894],[126.99835,37.56895],[127.00162,37.56959],[127.00668,37.56965],[127.00959,37.56978],[127.0101,37.56978],[127.01129,37.56978],[127.01162,37.56978],[127.01538,37.56981],[127.01567,37.56981],[127.01576,37.56981],[127.01587,37.56982],[127.01601,37.56982],[127.01618,37.56986],[127.01638,37.56991],[127.01664,37.56999],[127.01674,37.57002],[127.01687,37.57006],[127.017,37.5701],[127.01714,37.57015],[127.01728,37.5702],[127.01751,37.57029],[127.01882,37.57098],[127.02337,37.57174],[127.0236,37.5658],[127.02362,37.56517],[127.02671,37.56499],[127.02676,37.56429],[127.02671,37.56388],[127.02659,37.56358],[127.0265,37.56339],[127.02648,37.56336],[127.0264,37.56321],[127.02627,37.56299],[127.02353,37.56073],[127.02349,37.56072],[127.02333,37.56074],[127.02286,37.55787],[127.02182,37.55771],[127.01937,37.5575],[127.01946,37.55734],[127.01891,37.55713],[127.01877,37.55707],[127.01859,37.55699],[127.01837,37.55687],[127.018,37.55666],[127.01792,37.5566],[127.01788,37.55657],[127.01741,37.55598],[127.01631,37.55301],[127.01321,37.54994],[127.01166,37.54851],[127.01148,37.54842],[127.01087,37.54812],[127.01081,37.5481],[127.01078,37.54809],[127.01068,37.54808],[127.00861,37.54398],[127.00726,37.54381],[127.00484,37.54618],[127.00531,37.54771],[127.00531,37.54774],[127.00531,37.54777],[127.00531,37.54781],[127.00589,37.5482],[127.00578,37.54823],[127.00574,37.54823],[127.00554,37.54827],[127.00542,37.54829],[127.00532,37.5483],[127.00472,37.54835],[127.00463,37.54856],[127.00447,37.54897],[127.00439,37.54919],[127.00438,37.54956],[127.0044,37.54966],[127.00423,37.55038],[127.00389,37.5502]]]]},"properties":{"name":"중구","sgg":"11140","risk":42,"slope_mean":2.9,"slope_max":16.4,"exceed_ratio":0.239,"points":4696,"worst_lat":37.55502,"worst_lon":126.98404,"width_n":1120,"width_mean":4.9,"narrow_ratio":0.029,"surface_n":1193,"surface_top":"블록","slippery_ratio":0.94,"lat":37.55869,"lon":126.99237}},{"type":"Feature","geometry":{"type":"MultiPolygon","coordinates":[[[[127.09531,37.57097],[127.09515,37.5709],[127.0951,37.57088],[127.09496,37.57082],[127.09477,37.57073],[127.09457,37.5706],[127.09443,37.57055],[127.09432,37.57052],[127.09428,37.5705],[127.09419,37.57047],[127.09409,37.57045],[127.09398,37.57043],[127.09393,37.57042],[127.0938,37.57041],[127.09365,37.57039],[127.09345,37.57033],[127.09331,37.57031],[127.09323,37.57032],[127.09309,37.57033],[127.09292,37.57036],[127.09278,37.57038],[127.09269,37.5704],[127.09263,37.57041],[127.09253,37.57025],[127.09249,37.5701],[127.0924,37.56996],[127.09231,37.56987],[127.09223,37.56983],[127.09208,37.56976],[127.09195,37.56971],[127.0918,37.56965],[127.09146,37.56959],[127.09121,37.56956],[127.09117,37.56956],[127.09077,37.56958],[127.09072,37.56958],[127.09046,37.56961],[127.09035,37.56962],[127.09023,37.56965],[127.0901,37.56968],[127.09,37.5697],[127.0899,37.56976],[127.08986,37.5698],[127.08977,37.56988],[127.08958,37.56997],[127.08931,37.57012],[127.08919,37.57016],[127.08909,37.57018],[127.08898,37.57018],[127.08892,37.57017],[127.08876,37.57014],[127.08871,37.57013],[127.0884,37.57008],[127.08833,37.5703],[127.0883,37.57039],[127.08816,37.57082],[127.08805,37.57083],[127.08801,37.57083],[127.0879,37.57083],[127.08759,37.57084],[127.08755,37.57084],[127.08723,37.57084],[127.08718,37.57084],[127.08713,37.57084],[127.08704,37.57084],[127.087,37.57084],[127.08696,37.57084],[127.08688,37.57084],[127.08683,37.57084],[127.08672,37.57084],[127.08617,37.57082],[127.08098,37.57161],[127.07858,37.57186],[127.07864,37.57263],[127.07832,37.57678],[127.07723,37.58098],[127.07368,37.58535],[127.07163,37.58795],[127.07072,37.59091],[127.07036,37.59248],[127.06963,37.59488],[127.06983,37.59775],[127.07162,37.59982],[127.0718,37.60007],[127.07199,37.60032],[127.07246,37.60111],[127.07261,37.60155],[127.07263,37.6016],[127.07265,37.60168],[127.07271,37.60227],[127.07272,37.60244],[127.0727,37.60279],[127.07244,37.60406],[127.07232,37.60466],[127.07172,37.60681],[127.07146,37.61428],[127.0714,37.61563],[127.07585,37.61708],[127.08164,37.61925],[127.08245,37.6193],[127.08415,37.61963],[127.08573,37.62017],[127.08797,37.61989],[127.08954,37.61964],[127.09244,37.61828],[127.09261,37.61821],[127.09305,37.61804],[127.09615,37.6171],[127.09682,37.61705],[127.09695,37.61705],[127.09704,37.61705],[127.1005,37.61888],[127.10145,37.61976],[127.10151,37.6198],[127.10155,37.61981],[127.10183,37.61989],[127.10502,37.62068],[127.10571,37.62083],[127.10582,37.62078],[127.10604,37.62064],[127.10614,37.6206],[127.10735,37.6205],[127.10875,37.62046],[127.10908,37.62052],[127.10951,37.62064],[127.10983,37.62071],[127.11001,37.62074],[127.11012,37.62076],[127.11024,37.62077],[127.11039,37.62079],[127.11064,37.62079],[127.11085,37.62078],[127.11098,37.62076],[127.11134,37.62065],[127.11148,37.62061],[127.11274,37.62007],[127.11383,37.61949],[127.11395,37.61943],[127.11399,37.61942],[127.11567,37.61929],[127.11697,37.61743],[127.11667,37.61577],[127.11693,37.61436],[127.11731,37.61293],[127.11759,37.61171],[127.1168,37.60991],[127.11662,37.60882],[127.11714,37.60861],[127.1179,37.60814],[127.11818,37.60779],[127.11821,37.60775],[127.11832,37.60761],[127.11838,37.60738],[127.11828,37.60628],[127.11801,37.60458],[127.11689,37.60315],[127.11522,37.60126],[127.11428,37.60035],[127.11383,37.59996],[127.11385,37.59982],[127.11389,37.59952],[127.11396,37.59942],[127.11596,37.59728],[127.116,37.59724],[127.1165,37.59678],[127.11802,37.59534],[127.11837,37.59502],[127.11782,37.59401],[127.11535,37.5935],[127.11391,37.59334],[127.1124,37.59186],[127.11014,37.58742],[127.10984,37.58597],[127.10953,37.58507],[127.10933,37.58466],[127.10603,37.58456],[127.10267,37.5841],[127.09975,37.58305],[127.10047,37.58257],[127.10277,37.58176],[127.10276,37.58106],[127.10275,37.5796],[127.10273,37.5794],[127.10268,37.57891],[127.10267,37.5783],[127.10126,37.57498],[127.10093,37.57356],[127.09575,37.5711],[127.09565,37.5711],[127.09551,37.57105],[127.09544,37.57103],[127.09531,37.57097]]]]},"properties":{"name":"중랑구","sgg":"11260","risk":29,"slope_mean":2.2,"slope_max":27.4,"exceed_ratio":0.118,"points":7026,"worst_lat":37.5714,"worst_lon":127.09492,"width_n":2743,"width_mean":3.6,"narrow_ratio":0.026,"surface_n":2945,"surface_top":"블록","slippery_ratio":0.915,"lat":37.59108,"lon":127.09637}}]}